Workbook

Sheet Shipments
A1: Category | B1: Segment | C1: Country | D1: Channel Name | E1: Brand | F1: SKU | G1: Facts | H1: 44621 | I1: 44652 | J1: 44682 | K1: 44713 | L1: 44743 | M1: 44774 | N1: 44805 | O1: 44835 | P1: 44866 | Q1: 44896 | R1: 44927 | S1: 44958 | T1: 44986 | U1: 45017 | V1: 45047 | W1: 45078 | X1: 45108 | Y1: 45139 | Z1: 45170 | AA1: 45200 | AB1: 45231 | AC1: 45261 | AD1: 45292 | AE1: 45323 | AF1: 45352 | AG1: 45383 | AH1: 45413 | AI1: 45444 | AJ1: 45474 | AK1: 45505 | AL1: 45536 | AM1: 45566 | AN1: 45597 | AO1: 45627 | AP1: 45658 | AQ1: 45689 | AR1: 45717 | AS1: 45748
A2: GUARNICIONES | B2: Guarniciones | C2: Argentina | D2: 3PD | E2: 3D's | F2: 3D MEGA QUESO PC DTS 25GRX120 | G2: Sales | P2: 0
A3: GUARNICIONES | B3: Guarniciones | C3: Argentina | D3: 3PD | E3: 3D's | F3: 3D QUESO 143GX18X1 | G3: Sales | O3: 21.164143 | P3: 23.376639 | Q3: 24.700819 | R3: 29.501043 | S3: 20.884578 | T3: 13.971815 | U3: 14.442571 | V3: 15.528656 | W3: 16.670225 | X3: 16.347903 | Y3: 13.139984 | Z3: 16.001986 | AA3: 14.153854 | AB3: 18.114525 | AC3: 16.727997 | AD3: 14.877863 | AE3: 9.085362 | AF3: 6.776055 | AG3: 9.039602 | AH3: 6.030167 | AI3: 17.765891 | AJ3: 14.623466 | AK3: 13.48633 | AL3: 8.316594 | AM3: 0.080938 | AN3: 7.898891 | AO3: 25.153271 | AP3: 18.215769 | AQ3: 16.965806 | AR3: 15.272543 | AS3: 15.82438
A4: GUARNICIONES | B4: Guarniciones | C4: Argentina | D4: 3PD | E4: 3D's | F4: 3D QUESO 165GX20 | G4: Sales
A5: GUARNICIONES | B5: Guarniciones | C5: Argentina | D5: 3PD | E5: 3D's | F5: 3D QUESO 165GX20 PROMO PI | G5: Sales | P5: 0
A6: GUARNICIONES | B6: Guarniciones | C6: Argentina | D6: 3PD | E6: 3D's | F6: 3D QUESO 43GX75X1 | G6: Sales | O6: 41.151 | P6: 36.664208 | Q6: 22.657474 | R6: 27.932929 | S6: 21.634332 | T6: 23.036605 | U6: 29.017776 | V6: 19.17714 | W6: 25.037782 | X6: 24.234069 | Y6: 22.046616 | Z6: 24.734288 | AA6: 21.652392 | AB6: 22.591512 | AC6: 29.768771 | AD6: 13.461408 | AE6: 10.676341 | AF6: 9.705874 | AG6: 14.606627 | AH6: 12.692869 | AI6: 21.195259 | AJ6: 21.776146 | AK6: 18.686639 | AL6: 10.870959 | AM6: 0.205712 | AN6: 12.750747 | AO6: 27.075036 | AP6: 18.64093 | AQ6: 19.483988 | AR6: 19.8402 | AS6: 20.823825
A7: GUARNICIONES | B7: Guarniciones | C7: Argentina | D7: 3PD | E7: 3D's | F7: 3D QUESO 85GX27X1 | G7: Sales | AA7: 0.3672 | AB7: -0.1836 | AE7: 0.00459 | AF7: 18.775395 | AG7: 25.199695 | AH7: 18.519885 | AI7: 43.2565 | AJ7: 44.865125 | AK7: 30.51772 | AL7: 19.66747 | AM7: -0.01938 | AN7: 24.780305 | AO7: 67.15323 | AP7: 47.648025 | AQ7: 40.943565 | AR7: 43.43517 | AS7: 41.690375
A8: GUARNICIONES | B8: Guarniciones | C8: Argentina | D8: 3PD | E8: 3D's | F8: 3D QUESO 92GX27X1 | G8: Sales | O8: 70.154416 | P8: 60.090168 | Q8: 52.040168 | R8: 68.568152 | S8: 50.4367 | T8: 41.998828 | U8: 44.432136 | V8: 30.869036 | W8: 45.05746 | X8: 40.846344 | Y8: 36.691624 | Z8: 40.50668 | AA8: 41.648952 | AB8: 46.298264 | AC8: 49.951492 | AD8: 37.514012 | AE8: 28.477036 | AF8: 1.045304 | AG8: -0.008832 | AH8: -0.068172 | AI8: -9.2e-05 | AJ8: 0 | AK8: -0.000644 | AL8: -9.2e-05 | AN8: -0.000828 | AR8: -0.003404
A9: GUARNICIONES | B9: Guarniciones | C9: Argentina | D9: 3PD | E9: 3D's | F9: 3DMEGAQUESO100GX24 | G9: Sales | J9: 0 | K9: 0 | L9: 0
A10: GUARNICIONES | B10: Guarniciones | C10: Argentina | D10: 3PD | E10: 3D's | F10: 3DMEGAQUESO150GX17 | G10: Sales | I10: 0 | J10: 0 | L10: 0 | Q10: 0 | S10: 0 | U10: 0 | V10: -0.00075
A11: GUARNICIONES | B11: Guarniciones | C11: Argentina | D11: 3PD | E11: 3D's | F11: 3DMEGAQUESO151GX17 | G11: Sales | H11: 31.678894 | I11: 22.672499 | J11: 22.404021 | K11: 25.179099 | L11: 27.827488 | M11: 32.723965 | N11: 22.735466 | O11: 4.778999 | P11: 0.025519 | Q11: -0.004832 | R11: -0.002869 | S11: -0.002265 | T11: -0.002869 | U11: -0.002265 | V11: -0.002265 | W11: -0.001963 | Y11: -0.000151 | AB11: -0.000302 | AC11: -0.002114 | AD11: -0.000453
A12: GUARNICIONES | B12: Guarniciones | C12: Argentina | D12: 3PD | E12: 3D's | F12: 3DMEGAQUESO23GX120 | G12: Sales | H12: 2.269686 | I12: 2.24112 | J12: 2.64132 | K12: 1.45038 | L12: 2.532001 | M12: 3.256547 | N12: 2.185759 | O12: 2.403891 | P12: 2.85384 | Q12: 1.774427 | R12: 1.680127 | S12: 1.6721 | T12: 2.775456 | U12: 1.811135 | V12: 1.736247 | W12: 2.302806 | X12: 2.094886 | Y12: 1.91498 | Z12: 2.595734 | AA12: 1.727438 | AB12: 1.845152 | AC12: 2.511807 | AD12: 0.850494 | AE12: 1.103172 | AF12: 1.333862 | AG12: 1.099032 | AH12: 1.032102 | AI12: 1.269462 | AJ12: 1.474093 | AK12: 1.681737 | AL12: 0.839592 | AM12: -0.003335 | AN12: 1.181993 | AO12: 1.384117 | AP12: 1.06099 | AQ12: 1.392098 | AR12: 1.207914 | AS12: 1.14816
A13: GUARNICIONES | B13: Guarniciones | C13: Argentina | D13: 3PD | E13: 3D's | F13: 3DMEGAQUESO46GX60 | G13: Sales | K13: 0 | L13: 0 | U13: 0
A14: GUARNICIONES | B14: Guarniciones | C14: Argentina | D14: 3PD | E14: 3D's | F14: 3DMEGAQUESO47GX60 | G14: Sales | H14: 44.231324 | I14: 38.507429 | J14: 37.1958 | K14: 33.404921 | L14: 38.415873 | M14: 44.349247 | N14: 30.78641 | O14: 0.080793 | P14: 0.050102 | Q14: -0.005687 | R14: 0 | S14: 0 | U14: -0.000141 | V14: -0.000141 | W14: -0.000329 | AB14: -4.7e-05 | AC14: -4.7e-05 | AD14: -0.000141 | AE14: -0.000141
A15: GUARNICIONES | B15: Guarniciones | C15: Argentina | D15: 3PD | E15: 3D's | F15: 3DMEGAQUESO95GX24 | G15: Sales | H15: 74.62725 | I15: 55.663445 | J15: 57.163305 | K15: 54.496085 | L15: 69.413745 | M15: 71.385755 | N15: 49.769075 | O15: 1.84851 | P15: 0.01045 | Q15: -0.090345 | R15: -0.0019 | S15: 0 | U15: -9.5e-05 | X15: -0.00019 | AB15: -9.5e-05 | AC15: -0.00684 | AD15: -0.00019
A16: GUARNICIONES | B16: Guarniciones | C16: Argentina | D16: 3PD | E16: 3D's | F16: 3DS MEGA QUESO 105GR X 24 | G16: Sales | K16: 0
A17: GUARNICIONES | B17: Guarniciones | C17: Argentina | D17: 3PD | E17: 3D's | F17: 3DS MEGA QUESO 48GRX60 PI | G17: Sales | T17: 0
A18: GUARNICIONES | B18: Guarniciones | C18: Argentina | D18: 3PD | E18: CHEETOS | F18: CHEETOS 150GRX17 | G18: Sales | I18: 0 | K18: 0 | L18: 0 | U18: 0
A19: GUARNICIONES | B19: Guarniciones | C19: Argentina | D19: 3PD | E19: CHEETOS | F19: CHEETOS 151GRX17 | G19: Sales | I19: 0 | J19: 0 | K19: 0 | L19: 0 | M19: 0 | O19: 0.003322 | Q19: 0 | S19: -0.000453 | U19: 0 | V19: -0.002416 | W19: -0.000151
A20: GUARNICIONES | B20: Guarniciones | C20: Argentina | D20: 3PD | E20: CHEETOS | F20: CHEETOS 151GX18 | G20: Sales | H20: 18.840421 | I20: 17.530798 | J20: 16.368098 | K20: 19.812559 | L20: 23.23135 | M20: 23.227726 | N20: 21.403797 | O20: 20.910631 | P20: 20.891001 | Q20: 23.682236 | R20: 20.873787 | S20: 18.931474 | T20: 14.179202 | U20: 11.986682 | V20: 13.646625 | W20: 15.528085 | X20: 15.528236 | Y20: 12.519561 | Z20: 15.292827 | AA20: 15.123405 | AB20: 14.598982 | AC20: 13.820728 | AD20: 0.433823 | AE20: -0.022952 | AF20: -0.005285 | AH20: -0.003624 | AI20: -0.000302 | AN20: -0.000604 | AQ20: -0.000151
A21: GUARNICIONES | B21: Guarniciones | C21: Argentina | D21: 3PD | E21: CHEETOS | F21: CHEETOS 238GRX12 | G21: Sales | H21: 1.414434 | I21: 1.55533 | J21: 1.17572 | K21: 1.27568 | L21: 1.658384 | M21: 1.429666 | N21: 1.51606 | O21: 2.085118 | P21: 1.571752 | Q21: 1.324946 | R21: 1.901382 | S21: 1.34708 | T21: 0.917014 | U21: 1.167152 | V21: 1.331848 | W21: 1.056482 | X21: 1.016736 | Y21: 1.119076 | Z21: 1.044582 | AA21: 1.144542 | AB21: 0.344148 | AC21: 0.79016 | AD21: -0.008092 | AE21: -0.00357 | AF21: -0.049742 | AG21: -0.000238 | AH21: -0.000952 | AN21: -0.000714
A22: GUARNICIONES | B22: Guarniciones | C22: Argentina | D22: 3PD | E22: CHEETOS | F22: CHEETOS 23GRX108 | G22: Sales | H22: 1.748736 | I22: 1.495368 | J22: 1.224612 | K22: 0.881751 | L22: 1.843979 | M22: 1.798416 | N22: 2.354832 | O22: 1.525613 | P22: 1.319004 | Q22: 1.887702 | R22: 1.040727 | S22: 1.578835 | T22: 1.721067 | U22: 2.536854 | V22: 2.184126 | W22: 1.708187 | X22: 1.889933 | Y22: 2.034856 | Z22: 2.124901 | AA22: 2.422728 | AB22: 1.400838 | AC22: 2.245007 | AD22: 0.700097 | AE22: 0.823078 | AF22: 1.558641 | AG22: 0.927751 | AH22: 0.89608 | AI22: 1.277926 | AJ22: 1.765434 | AK22: 1.505695 | AL22: 1.521772 | AM22: 1.822221 | AN22: 0.807875 | AO22: 0.917355 | AP22: 1.222772 | AQ22: 1.402195 | AR22: 1.396284 | AS22: 1.362497
A23: GUARNICIONES | B23: Guarniciones | C23: Argentina | D23: 3PD | E23: CHEETOS | F23: CHEETOS 250GRX12 | G23: Sales | K23: 0
A24: GUARNICIONES | B24: Guarniciones | C24: Argentina | D24: 3PD | E24: CHEETOS | F24: CHEETOS 47GRX66 | G24: Sales | H24: 28.138242 | I24: 25.76822 | J24: 28.733732 | K24: 24.356669 | L24: 26.343265 | M24: 34.418335 | N24: 22.444427 | O24: 34.629835 | P24: 37.969373 | Q24: 26.31342 | R24: 19.894348 | S24: 25.35321 | T24: 28.904906 | U24: 0.611423 | V24: 24.052955 | W24: -0.016779 | X24: -0.000282 | Y24: -0.001222 | Z24: -9.4e-05 | AA24: -0.00188 | AB24: -0.000705 | AC24: -0.020069 | AD24: -0.000893 | AE24: -0.000282
A25: GUARNICIONES | B25: Guarniciones | C25: Argentina | D25: 3PD | E25: CHEETOS | F25: CHEETOS 48GRX66 | G25: Sales | H25: 0 | I25: 0 | K25: 0 | L25: 0
A26: GUARNICIONES | B26: Guarniciones | C26: Argentina | D26: 3PD | E26: CHEETOS | F26: CHEETOS 94GRX24 | G26: Sales | H26: 46.2621 | I26: 39.815674 | J26: 43.712256 | K26: 39.366448 | L26: 56.111608 | M26: 54.80952 | N26: 53.926014 | O26: 47.690806 | P26: 55.041794 | Q26: 54.528648 | R26: 57.345828 | S26: 42.111718 | T26: 39.013008 | U26: 36.373582 | V26: 41.043784 | W26: 40.665246 | X26: 42.352922 | Y26: 33.217626 | Z26: 35.20817 | AA26: 9.930254 | AB26: -0.017672 | AC26: 39.147146 | AD26: -0.0141 | AE26: -0.001598 | AF26: -0.003008 | AG26: -0.000376 | AH26: -0.00282
A27: GUARNICIONES | B27: Guarniciones | C27: Argentina | D27: 3PD | E27: CHEETOS | F27: CHEETOS 95GRX24 | G27: Sales | I27: 0 | K27: 0 | L27: 0 | P27: 0
A28: GUARNICIONES | B28: Guarniciones | C28: Argentina | D28: 3PD | E28: CHEETOS | F28: CHEETOS QUESO 105GR X 24 | G28: Sales | K28: 0
A29: GUARNICIONES | B29: Guarniciones | C29: Argentina | D29: 3PD | E29: CHEETOS | F29: CHEETOS QUESO 105GR X 24 PI | G29: Sales | P29: 0
A30: GUARNICIONES | B30: Guarniciones | C30: Argentina | D30: 3PD | E30: CHEETOS | F30: CHEETOS QUESO 140GX18X1 | G30: Sales | AB30: 0.8316 | AD30: 13.11156 | AE30: 7.84266 | AF30: 6.46814 | AG30: 8.49184 | AH30: 6.32142 | AI30: 12.8653 | AJ30: 16.9134 | AK30: 12.84486 | AL30: 15.92724 | AM30: 19.08802 | AN30: 8.39286 | AO30: 19.63878 | AP30: 15.24866 | AQ30: 13.97032 | AR30: 14.43974 | AS30: 13.3994
A31: GUARNICIONES | B31: Guarniciones | C31: Argentina | D31: 3PD | E31: CHEETOS | F31: CHEETOS QUESO 165GX17 PI | G31: Sales | P31: 0
A32: GUARNICIONES | B32: Guarniciones | C32: Argentina | D32: 3PD | E32: CHEETOS | F32: CHEETOS QUESO 229GX12X1 | G32: Sales | AB32: 0.72822 | AD32: 0.937068 | AE32: 0.834018 | AF32: 0.562882 | AG32: 0.556699 | AH32: 0.288082 | AI32: 0.988593 | AJ32: 0.993631 | AK32: 0.923328 | AL32: 0.925618 | AM32: 1.710859 | AN32: 0.455023 | AO32: 1.143626 | AP32: 0.937297 | AQ32: 1.046759 | AR32: 0.861727 | AS32: 0.959052
A33: GUARNICIONES | B33: Guarniciones | C33: Argentina | D33: 3PD | E33: CHEETOS | F33: CHEETOS QUESO 43GX70X1 | G33: Sales | U33: 23.170464 | W33: 21.698273 | X33: 19.113371 | Y33: 23.019792 | Z33: 21.209965 | AA33: 23.16926 | AB33: 19.981799 | AC33: 22.308357 | AD33: 12.501519 | AE33: 11.843189 | AF33: 9.068786 | AG33: 14.564616 | AH33: 9.079665 | AI33: 11.472357 | AJ33: 24.661317 | AK33: 17.762526 | AL33: 18.723404 | AM33: 20.061306 | AN33: 11.238609 | AO33: 19.832159 | AP33: 17.480274 | AQ33: 18.870722 | AR33: 20.293205 | AS33: 17.881765
A34: GUARNICIONES | B34: Guarniciones | C34: Argentina | D34: 3PD | E34: CHEETOS | F34: CHEETOS QUESO 85GX24X1 | G34: Sales | AA34: 26.1528 | AB34: 40.1472 | AD34: 33.83527 | AE34: 26.125855 | AF34: 18.728645 | AG34: 27.752245 | AH34: 9.1239 | AI34: 26.50419 | AJ34: 43.782225 | AK34: 31.267845 | AL34: 45.93383 | AM34: 50.01366 | AN34: 22.4434 | AO34: 36.30061 | AP34: 50.62889 | AQ34: 37.39796 | AR34: 40.05047 | AS34: 36.743545
A35: GUARNICIONES | B35: Guarniciones | C35: Argentina | D35: 3PD | E35: CHEETOS | F35: CHEETOS QUESO CREMA 43GX66 | G35: Sales | AD35: 0.1419 | AE35: 14.277978 | AF35: 11.72395 | AG35: 5.496518 | AH35: 4.102372 | AI35: 6.375524 | AJ35: 4.415111 | AK35: 5.349243 | AL35: 5.128094 | AM35: 6.388639 | AN35: 3.221173 | AO35: 4.411714 | AP35: 3.512068 | AQ35: 3.348023 | AR35: 3.91128 | AS35: 3.907883
A36: GUARNICIONES | B36: Guarniciones | C36: Argentina | D36: 3PD | E36: CHEETOS | F36: CHEETOS QUESO CREMA 85GX24 | G36: Sales | AD36: 0.1428 | AE36: 22.83576 | AF36: 20.617855 | AG36: 9.44741 | AH36: 9.79676 | AI36: 10.971205 | AJ36: 7.90109 | AK36: 14.919965 | AL36: 9.54856 | AM36: 16.22174 | AN36: 8.57582 | AO36: 15.23217 | AP36: 12.51914 | AQ36: 8.49745 | AR36: 10.06009 | AS36: 12.8112
A37: GUARNICIONES | B37: Guarniciones | C37: Argentina | D37: 3PD | E37: Doritos | F37: DORITOS DINAMITA FH 33GX110X1 | G37: Sales | AI37: 7.15473 | AJ37: 12.94458 | AK37: 14.934612 | AL37: 13.660416 | AM37: 2.48193 | AO37: 10.830171 | AP37: 3.466254 | AQ37: -0.003366 | AR37: -0.005511 | AS37: 0
A38: GUARNICIONES | B38: Guarniciones | C38: Argentina | D38: 3PD | E38: Doritos | F38: DORITOS DINAMITA FH 33GX40X1 EX AR | G38: Sales | W38: 4.34808 | X38: 5.24964 | Y38: 10.831227 | Z38: 10.049061 | AA38: 16.044369 | AB38: 2.711313 | AD38: 12.086712 | AE38: 14.684142 | AF38: 12.341967 | AG38: 10.91046 | AH38: 11.336226 | AI38: 7.350783 | AJ38: -0.018513 | AK38: -0.007062 | AL38: -0.002673 | AM38: -0.00033 | AN38: 6.922311 | AO38: -0.000957 | AP38: -0.00561
A39: GUARNICIONES | B39: Guarniciones | C39: Argentina | D39: 3PD | E39: Doritos | F39: DORITOS DINAMITA FH 45GX110X1 | G39: Sales | AP39: 10.28115 | AQ39: 13.52736 | AR39: 12.622815 | AS39: 13.2561
A40: GUARNICIONES | B40: Guarniciones | C40: Argentina | D40: 3PD | E40: Doritos | F40: DORITOS DINAMITA FH 70GX44X1 | G40: Sales | AI40: 11.23276 | AJ40: 24.51904 | AK40: 39.50219 | AL40: 39.19244 | AM40: 29.14044 | AN40: 0.2464 | AO40: 41.09399 | AP40: 15.32412 | AQ40: -0.02058 | AR40: -0.01253 | AS40: -0.00014
A41: GUARNICIONES | B41: Guarniciones | C41: Argentina | D41: 3PD | E41: Doritos | F41: DORITOS DINAMITA FH 70GX64X1 EX ARG | G41: Sales | W41: 10.00832 | X41: 15.11482 | Y41: 32.05944 | Z41: 21.46991 | AA41: 27.10561 | AB41: 32.92835 | AD41: 37.70606 | AE41: 35.28266 | AF41: 35.67662 | AG41: 26.23117 | AH41: 27.49922 | AI41: 25.02402 | AJ41: -0.02219 | AK41: -0.01785 | AL41: -0.00763 | AM41: -0.00063 | AN41: 21.33551 | AO41: -0.00077 | AP41: -0.0014 | AQ41: -0.00021 | AR41: -0.00035
A42: GUARNICIONES | B42: Guarniciones | C42: Argentina | D42: 3PD | E42: Doritos | F42: DORITOS DINAMITA FH 82GX38X1 | G42: Sales | AP42: 12.498276 | AQ42: 30.206504 | AR42: 27.817926 | AS42: 28.143712
A43: GUARNICIONES | B43: Guarniciones | C43: Argentina | D43: 3PD | E43: Doritos | F43: DORITOS QUESO 129GX17 EXP ARG | G43: Sales | AD43: 7.129443 | AE43: -0.003225 | AF43: -0.011094 | AH43: -0.011352 | AJ43: 0 | AK43: -0.000129 | AL43: 5.271972 | AM43: 45.660195 | AO43: 11.981133 | AP43: 12.447984 | AQ43: -0.018705 | AR43: 14.340156 | AS43: -0.001419
A44: GUARNICIONES | B44: Guarniciones | C44: Argentina | D44: 3PD | E44: Doritos | F44: DORITOS QUESO 129GX19 | G44: Sales | Z44: 21.233013 | AA44: 40.659639 | AB44: 38.411298 | AD44: 30.484377 | AE44: 23.519022 | AF44: 16.629906 | AG44: 25.197699 | AH44: 15.692979 | AI44: 39.44046 | AJ44: 38.391948 | AK44: 33.875916 | AL44: 23.556303 | AM44: -0.094686 | AN44: 20.7045 | AO44: 45.012357 | AP44: 21.648264 | AQ44: 42.383595 | AR44: 25.245816 | AS44: 39.078615
A45: GUARNICIONES | B45: Guarniciones | C45: Argentina | D45: 3PD | E45: Doritos | F45: DORITOS QUESO 135GRX18 | G45: Sales | H45: 0 | I45: 0 | K45: 0
A46: GUARNICIONES | B46: Guarniciones | C46: Argentina | D46: 3PD | E46: Doritos | F46: DORITOS QUESO 140GRX15 | G46: Sales | H46: 6.42376 | I46: 8.89532 | J46: 13.75234 | K46: 13.33164 | L46: 8.0696 | M46: 0.12516 | N46: 0 | O46: 0 | P46: -0.00448 | R46: -0.00028 | S46: -0.00028 | T46: -0.00014 | V46: -0.00084 | W46: -0.00028 | AC46: -0.00182
A47: GUARNICIONES | B47: Guarniciones | C47: Argentina | D47: 3PD | E47: Doritos | F47: DORITOS QUESO 140GRX18 | G47: Sales | I47: 0 | J47: 0 | K47: 0 | L47: 0 | M47: 0 | Q47: 0 | R47: -0.00056 | S47: 0 | U47: 0
A48: GUARNICIONES | B48: Guarniciones | C48: Argentina | D48: 3PD | E48: Doritos | F48: DORITOS QUESO 140GX14 EXP ARG | G48: Sales | Q48: 21.76776 | R48: 36.89854 | S48: 20.43188 | T48: 11.09584 | U48: 1.62834 | V48: 26.22018 | W48: 1.86508 | X48: 16.60778 | Y48: 4.9301 | Z48: 0.15904 | AA48: -0.01386 | AB48: -0.0042 | AC48: -0.02548 | AD48: -0.00014 | AH48: -0.00014
A49: GUARNICIONES | B49: Guarniciones | C49: Argentina | D49: 3PD | E49: Doritos | F49: DORITOS QUESO 140GX19 | G49: Sales | H49: 56.15358 | I49: 48.50636 | J49: 36.25734 | K49: 40.04756 | L49: 66.5574 | M49: 65.59378 | N49: 58.1518 | O49: 57.41022 | P49: 53.97364 | Q49: 50.58368 | R49: 19.21878 | S49: 23.98144 | T49: 24.17464 | U49: 37.19968 | V49: 19.44768 | W49: 43.37606 | X49: 29.6737 | Y49: 34.5926 | Z49: 24.48502 | AA49: 0.13608 | AB49: -0.01708 | AC49: 40.79656 | AD49: -0.00868 | AE49: -0.00126 | AF49: -0.00042 | AH49: -0.00098
A50: GUARNICIONES | B50: Guarniciones | C50: Argentina | D50: 3PD | E50: Doritos | F50: DORITOS QUESO 150GX18 | G50: Sales | J50: 0 | K50: 0
A51: GUARNICIONES | B51: Guarniciones | C51: Argentina | D51: 3PD | E51: Doritos | F51: DORITOS QUESO 150GX18 PI | G51: Sales | P51: 0
A52: GUARNICIONES | B52: Guarniciones | C52: Argentina | D52: 3PD | E52: Doritos | F52: DORITOS QUESO 200GX14 | G52: Sales | AK52: 2.7412 | AL52: 5.88 | AM52: 1.8782 | AO52: 8.896 | AP52: 6.967 | AQ52: 7.2022 | AR52: 5.978 | AS52: 5.7008
A53: GUARNICIONES | B53: Guarniciones | C53: Argentina | D53: 3PD | E53: Doritos | F53: DORITOS QUESO 20GX88X1 | G53: Sales | AP53: 2.18416 | AQ53: 2.84388 | AR53: 2.00886 | AS53: 1.6456
A54: GUARNICIONES | B54: Guarniciones | C54: Argentina | D54: 3PD | E54: Doritos | F54: DORITOS QUESO 220GRX13 | G54: Sales | H54: -0.00066 | J54: 0 | K54: 0 | O54: 0.0033 | Q54: 0 | S54: 0 | U54: 0
A55: GUARNICIONES | B55: Guarniciones | C55: Argentina | D55: 3PD | E55: Doritos | F55: DORITOS QUESO 220GX14 | G55: Sales | H55: 15.2097 | I55: 12.36554 | J55: 10.53316 | K55: 11.93434 | L55: 15.48052 | M55: 12.79256 | N55: 12.55474 | O55: 9.922 | P55: 11.968 | Q55: 14.00828 | R55: 13.0031 | S55: 7.82848 | T55: 8.58418 | U55: 6.72958 | V55: 6.31092 | W55: 6.49506 | X55: 8.02516 | Y55: 6.54962 | Z55: 7.32534 | AA55: 8.39916 | AB55: 6.62684 | AC55: 7.3997 | AD55: 6.17584 | AE55: 4.25854 | AF55: 3.19616 | AG55: 3.55916 | AH55: 2.02378 | AI55: 4.61538 | AJ55: 6.68448 | AK55: 2.24796 | AL55: -0.01034 | AM55: -0.00088 | AN55: 2.95108 | AO55: -0.00066 | AP55: -0.00066 | AQ55: 0 | AR55: -0.00022 | AS55: 0
A56: GUARNICIONES | B56: Guarniciones | C56: Argentina | D56: 3PD | E56: Doritos | F56: DORITOS QUESO 230GRX13 | G56: Sales | H56: 0 | I56: 0 | K56: 0
A57: GUARNICIONES | B57: Guarniciones | C57: Argentina | D57: 3PD | E57: Doritos | F57: DORITOS QUESO 250GX12 | G57: Sales | J57: 0 | K57: 0
A58: GUARNICIONES | B58: Guarniciones | C58: Argentina | D58: 3PD | E58: Doritos | F58: DORITOS QUESO 40GX58X1 EXP ARG | G58: Sales | Y58: 4.8024 | Z58: 1.1848 | AA58: 0.06792 | AB58: 10.03104 | AD58: 11.78004 | AE58: 0.80808 | AF58: -0.00936 | AH58: -0.07424 | AI58: 0 | AJ58: 0 | AK58: -0.00032 | AL58: 5.3128 | AM58: 23.82356 | AN58: 0 | AO58: 15.39236 | AP58: 15.9022 | AQ58: 0.42004 | AR58: 0.63568 | AS58: 0
A59: GUARNICIONES | B59: Guarniciones | C59: Argentina | D59: 3PD | E59: Doritos | F59: DORITOS QUESO 40GX70X1 | G59: Sales | U59: 11.7376 | W59: 46.44188 | X59: 49.40132 | Y59: 51.68652 | Z59: 46.70408 | AA59: 53.71716 | AB59: 30.99132 | AC59: 47.46548 | AD59: 14.13592 | AE59: 22.79912 | AF59: 21.26904 | AG59: 31.96608 | AH59: 21.40468 | AI59: 36.5156 | AJ59: 49.88428 | AK59: 39.34184 | AL59: 33.13784 | AM59: -0.10768 | AN59: 24.89196 | AO59: 31.80648 | AP59: 18.2374 | AQ59: 32.3914 | AR59: 43.5522 | AS59: 43.57052
A60: GUARNICIONES | B60: Guarniciones | C60: Argentina | D60: 3PD | E60: Doritos | F60: DORITOS QUESO 45GRX70 | G60: Sales | H60: 50.786145 | I60: 70.56 | J60: 72.57915 | K60: 65.01285 | L60: 73.37772 | M60: 65.23785 | N60: 73.32264 | O60: 63.803025 | P60: 69.11145 | Q60: 44.039295 | R60: 17.349435 | S60: 25.15464 | T60: 27.32382 | U60: 43.059465 | V60: 39.330315 | W60: -0.014715 | X60: -0.00387 | Y60: -0.000855 | Z60: -0.00063 | AA60: -0.00297 | AB60: -0.00027 | AC60: -0.022455 | AD60: -0.00072 | AE60: -0.00315
A61: GUARNICIONES | B61: Guarniciones | C61: Argentina | D61: 3PD | E61: Doritos | F61: DORITOS QUESO 45GX58 EXP ARG | G61: Sales | Q61: 31.08771 | R61: 29.051865 | S61: 18.188145 | T61: 20.78343 | U61: 2.78109 | V61: 23.09238 | W61: 2.47149 | X61: -0.151245 | Y61: -0.002655 | AA61: -0.00117 | AB61: -0.000945 | AC61: 3.09321 | AD61: -0.00117
A62: GUARNICIONES | B62: Guarniciones | C62: Argentina | D62: 3PD | E62: Doritos | F62: DORITOS QUESO 46GRX70 PI | G62: Sales | J62: 0 | K62: 0 | P62: 0
A63: GUARNICIONES | B63: Guarniciones | C63: Argentina | D63: 3PD | E63: Doritos | F63: DORITOS QUESO 48GRX70 | G63: Sales | K63: 0
A64: GUARNICIONES | B64: Guarniciones | C64: Argentina | D64: 3PD | E64: Doritos | F64: DORITOS QUESO 77GX17 EXP ARG | G64: Sales | AD64: 30.635836 | AE64: 0.359667 | AF64: -0.010241 | AG64: -0.000693 | AH64: -0.009548 | AI64: -0.001001 | AJ64: 0 | AL64: 6.829053 | AM64: 52.934651 | AN64: -7.7e-05 | AO64: 16.862307 | AP64: 16.418941 | AQ64: -0.030415 | AR64: 3.21475 | AS64: -0.000693
A65: GUARNICIONES | B65: Guarniciones | C65: Argentina | D65: 3PD | E65: Doritos | F65: DORITOS QUESO 77GX26 | G65: Sales | Y65: 23.225202 | Z65: 52.666537 | AA65: 97.006371 | AB65: 74.943022 | AD65: 30.796073 | AE65: 50.622495 | AF65: 41.104756 | AG65: 48.583689 | AH65: 39.951219 | AI65: 74.730887 | AJ65: 82.581037 | AK65: 79.672054 | AL65: 67.882892 | AM65: 0.160468 | AN65: 48.734609 | AO65: 107.50778 | AP65: 63.967288 | AQ65: 80.669897 | AR65: 80.364669 | AS65: 84.713244
A66: GUARNICIONES | B66: Guarniciones | C66: Argentina | D66: 3PD | E66: Doritos | F66: DORITOS QUESO 85GRX24 | G66: Sales | H66: 24.572905 | I66: 24.346975 | J66: 52.41032 | K66: 40.161905 | L66: 29.12032 | M66: -0.05542 | N66: -0.01683 | O66: -0.02108 | P66: -0.00612 | R66: -0.004165 | W66: -0.00034 | AC66: -0.000425
A67: GUARNICIONES | B67: Guarniciones | C67: Argentina | D67: 3PD | E67: Doritos | F67: DORITOS QUESO 85GRX25 | G67: Sales | H67: 0 | I67: 0 | J67: 0 | K67: 0 | L67: 0 | M67: 0 | O67: 0.00204 | Q67: 0 | S67: 0 | U67: 0 | V67: -0.00289
A68: GUARNICIONES | B68: Guarniciones | C68: Argentina | D68: 3PD | E68: Doritos | F68: DORITOS QUESO 85GX17 EXP ARG | G68: Sales | Q68: 46.261675 | R68: 56.494825 | S68: 38.767225 | T68: 26.859405 | U68: 3.687895 | V68: 36.139535 | W68: 31.846865 | X68: 36.301205 | Y68: 24.183605 | Z68: 29.84248 | AA68: 3.631625 | AB68: -0.01003 | AC68: 11.324805 | AD68: -0.011985 | AE68: -0.0051 | AF68: -0.000935 | AH68: -0.00017
A69: GUARNICIONES | B69: Guarniciones | C69: Argentina | D69: 3PD | E69: Doritos | F69: DORITOS QUESO 85GX26 | G69: Sales | H69: 83.82428 | I69: 74.59413 | J69: 49.76019 | K69: 64.818195 | L69: 85.532015 | M69: 118.269 | N69: 128.10749 | O69: 105.42108 | P69: 115.11584 | Q69: 71.000075 | R69: 27.965 | S69: 45.121825 | T69: 57.085575 | U69: 92.72021 | V69: 50.879045 | W69: 63.490665 | X69: 57.595405 | Y69: 37.062465 | Z69: -0.1853 | AA69: -0.09384 | AB69: -0.034 | AC69: 79.509765 | AD69: -0.01275 | AE69: -0.00153
A70: GUARNICIONES | B70: Guarniciones | C70: Argentina | D70: 3PD | E70: Doritos | F70: DORITOS QUESO 86GRX25 | G70: Sales | I70: 0 | K70: 0
A71: GUARNICIONES | B71: Guarniciones | C71: Argentina | D71: 3PD | E71: Doritos | F71: DORITOS QUESO 95GR X 25 | G71: Sales | K71: 0
A72: GUARNICIONES | B72: Guarniciones | C72: Argentina | D72: 3PD | E72: Doritos | F72: DORITOS QUESO 95GR X 25 PI | G72: Sales | P72: 0
A73: GUARNICIONES | B73: Guarniciones | C73: Argentina | D73: 3PD | E73: Doritos | F73: DORITOS SWEET CHILI MB 74GX29X1 | G73: Sales | AP73: 48.239934 | AQ73: 29.222008 | AR73: 16.319886 | AS73: 24.5495
A74: GUARNICIONES | B74: Guarniciones | C74: Argentina | D74: 3PD | E74: Doritos | F74: DORITOS SWEET CHILI SB 35GX88X1 | G74: Sales | AP74: 9.82828 | AQ74: 11.347105 | AR74: 4.32656 | AS74: 5.19288
A75: GUARNICIONES | B75: Guarniciones | C75: Argentina | D75: 3PD | E75: LAYS | F75: LAYS ASADO 80GRX25 | G75: Sales
A76: GUARNICIONES | B76: Guarniciones | C76: Argentina | D76: 3PD | E76: LAYS | F76: LAYS ASADO 85GRX25 | G76: Sales | H76: 8.576755 | I76: 10.684075 | J76: 0.25075 | K76: -0.08534 | L76: -0.00085 | O76: -0.085 | P76: -8.5e-05 | R76: 0 | AC76: -0.00034
A77: GUARNICIONES | B77: Guarniciones | C77: Argentina | D77: 3PD | E77: LAYS | F77: LAYS BARBACOA 80GRX25 | G77: Sales
A78: GUARNICIONES | B78: Guarniciones | C78: Argentina | D78: 3PD | E78: LAYS | F78: LAYS BARBACOA 85GRX25 | G78: Sales | I78: 0 | J78: 0 | L78: 0 | O78: 0.00102 | Q78: 0 | S78: 0 | U78: 0
A79: GUARNICIONES | B79: Guarniciones | C79: Argentina | D79: 3PD | E79: LAYS | F79: LAYS CEBOLLA CARAM LTO 41GX54X1 | G79: Sales | I79: 2.01474 | J79: 6.15492 | K79: 0.161704 | L79: 0.630826 | M79: 0.017015 | N79: 0 | O79: -0.000369 | P79: 0 | R79: 0 | W79: -0.000123
A80: GUARNICIONES | B80: Guarniciones | C80: Argentina | D80: 3PD | E80: LAYS | F80: LAYS CEBOLLA CARAM LTO 85GX25X1 | G80: Sales | I80: 4.93 | J80: 21.629355 | K80: -0.00867 | L80: 23.720355 | M80: 12.70614 | N80: 24.318755 | O80: 19.814945 | P80: 17.26197 | Q80: 15.38245 | R80: 21.50245 | S80: 17.3842 | T80: 12.174295 | U80: 9.250465 | V80: 9.68745 | W80: 9.19173 | X80: 8.75942 | Y80: 9.378135 | Z80: 2.28905 | AA80: -0.01054 | AB80: -0.008245 | AC80: 8.403355 | AD80: 0.01411 | AE80: -0.000765 | AF80: -0.00306 | AH80: -0.005185
A81: GUARNICIONES | B81: Guarniciones | C81: Argentina | D81: 3PD | E81: LAYS | F81: LAYS CEBOLLA CARAMELIZADA 77GX28 | G81: Sales | AA81: 0.062524
A82: GUARNICIONES | B82: Guarniciones | C82: Argentina | D82: 3PD | E82: LAYS | F82: LAYS CHEDDAR 77GX28 | G82: Sales | W82: 1.582504 | X82: 9.755746 | Y82: 10.34033 | Z82: 10.110716 | AA82: 11.129041 | AB82: 10.962413 | AD82: 8.693762 | AE82: 7.00931 | AF82: 4.52298 | AG82: 2.076998 | AH82: 4.312693 | AI82: -0.010549 | AJ82: -0.001771 | AK82: -0.002695 | AL82: -0.000693 | AM82: 0 | AN82: -0.022484 | AP82: -0.000693
A83: GUARNICIONES | B83: Guarniciones | C83: Argentina | D83: 3PD | E83: LAYS | F83: LAYS CHEDDAR LTO 41GX68X1 | G83: Sales | R83: 6.38452 | S83: 0.082369 | T83: 0.205861 | U83: 1.582928 | V83: 2.18448 | W83: 0.004797 | X83: -0.032144 | Y83: -0.001353 | Z83: -0.004469 | AB83: -0.001148 | AC83: 1.135618 | AD83: -8.2e-05 | AH83: -0.000984
A84: GUARNICIONES | B84: Guarniciones | C84: Argentina | D84: 3PD | E84: LAYS | F84: LAYS CHEDDAR LTO 85GX25X1 | G84: Sales | R84: 23.507345 | S84: 32.907325 | T84: 9.432535 | U84: 11.057055 | V84: 13.45142 | W84: 10.00042 | X84: 0.389215 | Y84: -0.005355 | Z84: -0.003825 | AA84: -0.00459 | AB84: -0.006715 | AC84: 11.444315 | AD84: -0.00153 | AE84: -0.000255 | AH84: -0.00187
A85: GUARNICIONES | B85: Guarniciones | C85: Argentina | D85: 3PD | E85: LAYS | F85: LAYS CLASICAS 134GX19X1 | G85: Sales | AD85: 31.832638 | AE85: 36.51232 | AF85: 20.472386 | AG85: 25.180208 | AH85: 21.937408 | AI85: 46.606138 | AJ85: 45.760598 | AK85: 33.582142 | AL85: 48.778412 | AM85: 56.47698 | AN85: 24.060906 | AO85: 59.071488 | AP85: 47.67988 | AQ85: 41.023966 | AR85: 41.33096 | AS85: 40.071896
A86: GUARNICIONES | B86: Guarniciones | C86: Argentina | D86: 3PD | E86: LAYS | F86: LAYS CLASICAS 145GRX18 | G86: Sales | H86: 68.071265 | I86: 56.16314 | J86: 64.07579 | K86: 61.30861 | L86: 72.83756 | M86: 81.1913 | N86: 73.739605 | O86: 62.81081 | P86: 72.429675 | Q86: 97.675335 | R86: 100.79936 | S86: 64.56734 | T86: 51.81285 | U86: 46.506285 | V86: 73.062745 | W86: 67.046985 | X86: 52.306285 | Y86: 54.539575 | Z86: 56.255795 | AA86: 50.77204 | AB86: 59.845415 | AC86: 49.30348 | AD86: 16.52652 | AE86: -0.07279 | AF86: -0.039875 | AG86: -0.010295 | AH86: -0.03741 | AN86: -0.00058
A87: GUARNICIONES | B87: Guarniciones | C87: Argentina | D87: 3PD | E87: LAYS | F87: LAYS CLASICAS 150GX18 | G87: Sales
A88: GUARNICIONES | B88: Guarniciones | C88: Argentina | D88: 3PD | E88: LAYS | F88: LAYS CLASICAS 150GX18 PI | G88: Sales | P88: 0
A89: GUARNICIONES | B89: Guarniciones | C89: Argentina | D89: 3PD | E89: LAYS | F89: LAYS CLASICAS 20GRX76 | G89: Sales | H89: 10.74204 | I89: 11.25408 | J89: 12.03056 | K89: 9.29758 | L89: 11.49828 | M89: 11.75978 | N89: 13.4869 | O89: 11.10506 | P89: 13.70534 | Q89: 5.06634 | R89: 9.42448 | S89: 7.28018 | T89: 11.37282 | U89: 13.48686 | V89: 10.65844 | W89: 8.06868 | X89: 7.97724 | Y89: 8.81668 | Z89: 9.8057 | AA89: 9.28642 | AB89: 6.94234 | AC89: 8.73552 | AD89: 1.98392 | AE89: 4.14536 | AF89: 5.0291 | AG89: 4.60422 | AH89: 4.3576 | AI89: 5.34592 | AJ89: 5.94286 | AK89: 5.788 | AL89: 6.13292 | AM89: 7.38658 | AN89: 4.23842 | AO89: 2.88742 | AP89: 3.95628 | AQ89: 5.6374 | AR89: 5.59342 | AS89: 5.95672
A90: GUARNICIONES | B90: Guarniciones | C90: Argentina | D90: 3PD | E90: LAYS | F90: LAYS CLASICAS 230GX14X1 | G90: Sales | AI90: 6.6332 | AJ90: 6.59157 | AK90: 8.94286 | AL90: 9.14457 | AM90: 12.4085 | AO90: 11.60212 | AP90: 9.09282 | AQ90: 8.04678 | AR90: 8.17167 | AS90: 8.50218
A91: GUARNICIONES | B91: Guarniciones | C91: Argentina | D91: 3PD | E91: LAYS | F91: LAYS CLASICAS 249GRX14 | G91: Sales | H91: 19.914771 | I91: 14.859822 | J91: 16.437984 | K91: 19.97727 | L91: 21.525552 | M91: 23.359437 | N91: 21.938643 | O91: 18.377196 | P91: 19.545753 | Q91: 23.870385 | R91: 25.631064 | S91: 17.921526 | T91: 14.196486 | U91: 11.647224 | V91: 11.34693 | W91: 11.830488 | X91: 16.061745 | Y91: 12.630027 | Z91: 12.456972 | AA91: 19.229274 | AB91: 18.37122 | AC91: 12.425349 | AD91: 11.825259 | AE91: 6.641577 | AF91: 5.142846 | AG91: 6.09054 | AH91: 3.699642 | AI91: 1.83513 | AJ91: -0.076194 | AK91: -0.038595 | AL91: -0.064242 | AM91: -0.000249 | AN91: 4.647834 | AP91: -0.001494
A92: GUARNICIONES | B92: Guarniciones | C92: Argentina | D92: 3PD | E92: LAYS | F92: LAYS CLASICAS 330GX9 | G92: Sales | W92: 0.66825 | X92: 7.15473 | Y92: 4.56192 | Z92: 4.95132 | AA92: 6.38781 | AB92: 4.40286 | AD92: 5.2635 | AE92: 2.40834 | AF92: 1.69917 | AG92: 2.2407 | AH92: 1.3629 | AI92: 2.34795 | AJ92: 4.06725 | AK92: 4.46787 | AL92: 4.04712 | AM92: 4.84935 | AN92: 2.48787 | AO92: 7.15572 | AP92: 4.90743 | AQ92: 4.32333 | AR92: 4.57512 | AS92: 4.50846
A93: GUARNICIONES | B93: Guarniciones | C93: Argentina | D93: 3PD | E93: LAYS | F93: LAYS CLASICAS 379GRX9 | G93: Sales | H93: 10.78255 | I93: 5.911642 | J93: 6.122366 | K93: 8.617702 | L93: 10.049943 | M93: 10.805669 | N93: 10.345942 | O93: 9.63418 | P93: 10.390664 | Q93: 12.566882 | R93: 12.988709 | S93: 8.800759 | T93: 5.670598 | U93: 6.267144 | V93: 6.459676 | W93: 5.781645 | X93: 0.142504 | Y93: -0.016676 | Z93: -0.012128 | AA93: -0.005685 | AB93: -0.006443 | AC93: 6.374401 | AD93: -0.000758
A94: GUARNICIONES | B94: Guarniciones | C94: Argentina | D94: 3PD | E94: LAYS | F94: LAYS CLASICAS 380GRX9 | G94: Sales | J94: 0 | K94: 0
A95: GUARNICIONES | B95: Guarniciones | C95: Argentina | D95: 3PD | E95: LAYS | F95: LAYS CLASICAS 40GX68X1 | G95: Sales | U95: 25.296 | W95: 40.13052 | X95: 39.42116 | Y95: 43.73824 | Z95: 44.43404 | AA95: 39.5254 | AB95: 38.29068 | AC95: 48.1004 | AD95: 25.34704 | AE95: 22.74012 | AF95: 20.85772 | AG95: 23.92044 | AH95: 17.98968 | AI95: 30.66536 | AJ95: 38.22916 | AK95: 37.85236 | AL95: 37.35932 | AM95: 46.3332 | AN95: 24.05712 | AO95: 28.21772 | AP95: 30.23404 | AQ95: 35.48196 | AR95: 33.61424 | AS95: 34.16212
A96: GUARNICIONES | B96: Guarniciones | C96: Argentina | D96: 3PD | E96: LAYS | F96: LAYS CLASICAS 45GRX54 | G96: Sales | H96: 62.42796 | I96: 57.21192 | J96: 62.70129 | K96: 55.460745 | L96: 63.2691 | M96: 66.66345 | N96: 77.55345 | O96: 59.267475 | P96: 74.11716 | Q96: 53.468145 | R96: 58.73517 | S96: 50.300595 | T96: 54.73161 | U96: 31.45338 | V96: 52.800255 | W96: -0.029835 | X96: -0.00315 | Y96: -0.00315 | Z96: -0.000225 | AA96: -0.004275 | AB96: -0.00027 | AC96: -0.024345 | AD96: -0.000585
A97: GUARNICIONES | B97: Guarniciones | C97: Argentina | D97: 3PD | E97: LAYS | F97: LAYS CLASICAS 46GRX54 PI | G97: Sales | K97: 0 | P97: 0
A98: GUARNICIONES | B98: Guarniciones | C98: Argentina | D98: 3PD | E98: LAYS | F98: LAYS CLASICAS 48GRX54 | G98: Sales | K98: 0
A99: GUARNICIONES | B99: Guarniciones | C99: Argentina | D99: 3PD | E99: LAYS | F99: LAYS CLASICAS 85GX25X1 | G99: Sales | AA99: 41.936875 | AB99: 102.28475 | AD99: 78.633415 | AE99: 67.706665 | AF99: 48.0811 | AG99: 52.41321 | AH99: 42.4932 | AI99: 88.32979 | AJ99: 94.178045 | AK99: 92.643115 | AL99: 97.461765 | AM99: 114.87172 | AN99: 52.95415 | AO99: 104.94432 | AP99: 99.023215 | AQ99: 87.225215 | AR99: 88.76754 | AS99: 82.680265
A100: GUARNICIONES | B100: Guarniciones | C100: Argentina | D100: 3PD | E100: LAYS | F100: LAYS CLASICAS 94GRX25 | G100: Sales | H100: 111.18715 | I100: 96.039518 | J100: 106.18804 | K100: 98.455694 | L100: 131.02876 | M100: 126.00841 | N100: 137.72664 | O100: 118.24138 | P100: 144.84892 | Q100: 138.1111 | R100: 143.07242 | S100: 111.6282 | T100: 103.59373 | U100: 82.073562 | V100: 106.67618 | W100: 103.68849 | X100: 101.3258 | Y100: 95.091528 | Z100: 98.880574 | AA100: 58.178386 | AB100: -0.081592 | AC100: 90.76217 | AD100: -0.095598 | AE100: -0.0329 | AF100: -0.001034 | AH100: -0.001974 | AI100: 0 | AN100: -0.003478
...

Sheet DATA NIQ
F1: 1000
A2: FABRICANTE Y MARCA
A3: Markets | B3: CATEGORIA NIQ | C3: FABRICANTE | D3: MARCA | E3: BRAND | F3: TAMANO | G3: Facts | H3: & | I3: 44682 | J3: 44713 | K3: 44743 | L3: 44774 | M3: 44805 | N3: 44835 | O3: 44866 | P3: 44896 | Q3: 44927 | R3: 44958 | S3: 44986 | T3: 45017 | U3: 45047 | V3: 45078 | W3: 45108 | X3: 45139 | Y3: 45170 | Z3: 45200 | AA3: 45231 | AB3: 45261 | AC3: 45292 | AD3: 45323 | AE3: 45352 | AF3: 45383 | AG3: 45413 | AH3: 45444 | AI3: 45474 | AJ3: 45505 | AK3: 45536 | AL3: 45566 | AM3: 45597 | AN3: 45627 | AO3: 45658 | AP3: 45689 | AQ3: 45717 | AR3: 45748 | AS3: 45778 | AT3: 45809 | AU3: MARCA H
A4: TOTAL ARGENTINA - ING | B4: GUARNICIONES PARA COPETIN | G4: Vtas (KILOS) | H4: =+A4&B4&C4&D4&E4&F4&G4 -> TOTAL ARGENTINA - INGGUARNICIONES PARA COPETINVtas (KILOS) | I4: 3697954.9 | J4: 3788014.8 | K4: 4001225.4 | L4: 3993732.7 | M4: 3878410.1 | N4: 4177020.5 | O4: 4136386.1 | P4: 5072840.4 | Q4: 4958067.8 | R4: 4055589.2 | S4: 4147504.7 | T4: 3811420.7 | U4: 3751045.4 | V4: 3633254.9 | W4: 3864458.2 | X4: 3814374.5 | Y4: 3823921.7 | Z4: 4045524.6 | AA4: 3917786.2 | AB4: 4326697 | AC4: 3918577.8 | AD4: 3251491.2 | AE4: 3207263.8 | AF4: 3070801 | AG4: 3094093.8 | AH4: 3055519 | AI4: 3485256.8 | AJ4: 3243459.8 | AK4: 3187603.5 | AL4: 3480311.8 | AM4: 3412891.9 | AN4: 4192953.1 | AO4: 4197131.1 | AP4: 3645259.7 | AQ4: 3804276.2 | AR4: 3647682.3 | AS4: 3645717.1 | AT4: 3596009.3 | AU4: =IF(D4="","",INDEX([1]DICCIONARIO!$G$21:$H$33,MATCH(D4,[1]DICCIONARIO!$G$21:$G$33,0),2))
A5: TOTAL ARGENTINA - ING | B5: GUARNICIONES PARA COPETIN | G5: Compras (KILOS) | H5: =+A5&B5&C5&D5&E5&F5&G5 -> TOTAL ARGENTINA - INGGUARNICIONES PARA COPETINCompras (KILOS) | I5: 3252770.3 | J5: 3279346.6 | K5: 3447785.6 | L5: 3452733 | M5: 3329232.2 | N5: 3854321.5 | O5: 3636576.7 | P5: 4305550.5 | Q5: 4251691.4 | R5: 3510241.4 | S5: 3673900.5 | T5: 3359912.5 | U5: 3312873.3 | V5: 3089583.3 | W5: 3392029.9 | X5: 3426518.1 | Y5: 3228245.5 | Z5: 3621494.5 | AA5: 3342189.4 | AB5: 3890943.2 | AC5: 3432423 | AD5: 2801119 | AE5: 2852830.9 | AF5: 2644790.5 | AG5: 2687435.4 | AH5: 2636748.3 | AI5: 3047775.3 | AJ5: 2813040.5 | AK5: 2776377.1 | AL5: 2981317.2 | AM5: 2217917.2 | AN5: 2634476.9 | AO5: 2608175.6 | AP5: 2342740.3 | AQ5: 2460138.9 | AR5: 2356158.5 | AS5: 2382510.2 | AT5: 2274446.3 | AU5: =IF(D5="","",INDEX([1]DICCIONARIO!$G$21:$H$33,MATCH(D5,[1]DICCIONARIO!$G$21:$G$33,0),2))
A6: TOTAL ARGENTINA - ING | B6: GUARNICIONES PARA COPETIN | G6: Inventario (KILOS) | H6: =+A6&B6&C6&D6&E6&F6&G6 -> TOTAL ARGENTINA - INGGUARNICIONES PARA COPETINInventario (KILOS) | I6: 1131324.2 | J6: 1162440.6 | K6: 1162155.8 | L6: 1180068.4 | M6: 1171910.9 | N6: 1401366 | O6: 1347577 | P6: 1542807.5 | Q6: 1523076.5 | R6: 1326343 | S6: 1336178.5 | T6: 1302105.2 | U6: 1276699.5 | V6: 1207045.6 | W6: 1250060.7 | X6: 1374566.4 | Y6: 1310090.2 | Z6: 1419800.9 | AA6: 1322463.3 | AB6: 1518555.2 | AC6: 1453898.1 | AD6: 1266381.2 | AE6: 1278340.7 | AF6: 1149579.4 | AG6: 1107108.3 | AH6: 1063848.8 | AI6: 1204782.5 | AJ6: 1177883.4 | AK6: 1159810.4 | AL6: 1208189 | AM6: 1104704.7 | AN6: 1216560.3 | AO6: 1188758.5 | AP6: 1121493.7 | AQ6: 1141058.3 | AR6: 1103635 | AS6: 1101781.6 | AT6: 1070135.4 | AU6: =IF(D6="","",INDEX([1]DICCIONARIO!$G$21:$H$33,MATCH(D6,[1]DICCIONARIO!$G$21:$G$33,0),2))
A7: TOTAL ARGENTINA - ING | B7: GUARNICIONES PARA COPETIN | G7: Vtas Valor | H7: =+A7&B7&C7&D7&E7&F7&G7 -> TOTAL ARGENTINA - INGGUARNICIONES PARA COPETINVtas Valor | I7: 6.857217e+09 | J7: 7.2942388e+09 | K7: 8.1399602e+09 | L7: 8.839884e+09 | M7: 9.0834934e+09 | N7: 1.0459157e+10 | O7: 1.1279175e+10 | P7: 1.4187187e+10 | Q7: 1.5175114e+10 | R7: 1.3721313e+10 | S7: 1.5042675e+10 | T7: 1.4871936e+10 | U7: 1.5691595e+10 | V7: 1.5994427e+10 | W7: 1.8168197e+10 | X7: 2.0212664e+10 | Y7: 2.3473547e+10 | Z7: 2.7827115e+10 | AA7: 2.9497528e+10 | AB7: 3.6403243e+10 | AC7: 4.2887436e+10 | AD7: 4.3801604e+10 | AE7: 4.680528e+10 | AF7: 4.7299643e+10 | AG7: 5.1192224e+10 | AH7: 5.2121392e+10 | AI7: 6.149099e+10 | AJ7: 5.9978725e+10 | AK7: 6.1473032e+10 | AL7: 6.8367416e+10 | AM7: 6.8098515e+10 | AN7: 8.1183336e+10 | AO7: 8.4668859e+10 | AP7: 7.8304904e+10 | AQ7: 8.3399837e+10 | AR7: 8.1770517e+10 | AS7: 8.3558964e+10 | AT7: 8.2370842e+10 | AU7: =IF(D7="","",INDEX([1]DICCIONARIO!$G$21:$H$33,MATCH(D7,[1]DICCIONARIO!$G$21:$G$33,0),2))
A8: TOTAL ARGENTINA - ING | B8: GUARNICIONES PARA COPETIN | G8: Dist. Num. Tiendas Handling (C) | H8: =+A8&B8&C8&D8&E8&F8&G8 -> TOTAL ARGENTINA - INGGUARNICIONES PARA COPETINDist. Num. Tiendas Handling (C) | I8: 86.96 | J8: 87.138 | K8: 84.805 | L8: 86.223 | M8: 86.608 | N8: 87.512 | O8: 87.059 | P8: 87.284 | Q8: 86.818 | R8: 87.075 | S8: 86.738 | T8: 86.852 | U8: 87.29 | V8: 87.757 | W8: 86.916 | X8: 86.284 | Y8: 87.962 | Z8: 87.438 | AA8: 87.234 | AB8: 87.662 | AC8: 87.928 | AD8: 86.628 | AE8: 88.499 | AF8: 87.876 | AG8: 88.186 | AH8: 86.245 | AI8: 85.374 | AJ8: 86.11 | AK8: 86.137 | AL8: 87.291 | AM8: 86.153 | AN8: 87.06 | AO8: 87.46 | AP8: 87.773 | AQ8: 88.175 | AR8: 88.29 | AS8: 88.723 | AT8: 89.459 | AU8: =IF(D8="","",INDEX([1]DICCIONARIO!$G$21:$H$33,MATCH('DATA NIQ'!D8,[1]DICCIONARIO!$G$21:$G$33,0),2))
A9: TOTAL ARGENTINA - ING | B9: GUARNICIONES PARA COPETIN | G9: Dist. Pond. Tiendas Handling | H9: =+A9&B9&C9&D9&E9&F9&G9 -> TOTAL ARGENTINA - INGGUARNICIONES PARA COPETINDist. Pond. Tiendas Handling | I9: 98.346 | J9: 98.395 | K9: 98.201 | L9: 98.405 | M9: 98.54 | N9: 98.746 | O9: 98.8 | P9: 98.828 | Q9: 98.969 | R9: 98.901 | S9: 98.833 | T9: 98.9 | U9: 99.028 | V9: 99.105 | W9: 99.111 | X9: 98.929 | Y9: 98.935 | Z9: 98.843 | AA9: 98.814 | AB9: 99.018 | AC9: 99.103 | AD9: 99.016 | AE9: 98.925 | AF9: 98.815 | AG9: 98.686 | AH9: 98.377 | AI9: 98.227 | AJ9: 98.673 | AK9: 98.719 | AL9: 98.524 | AM9: 98.226 | AN9: 98.406 | AO9: 98.417 | AP9: 98.646 | AQ9: 98.727 | AR9: 98.731 | AS9: 98.633 | AT9: 98.857 | AU9: =IF(D9="","",INDEX([1]DICCIONARIO!$G$21:$H$33,MATCH('DATA NIQ'!D9,[1]DICCIONARIO!$G$21:$G$33,0),2))
A10: TOTAL ARGENTINA - ING | B10: GUARNICIONES PARA COPETIN | G10: Part. de Vtas (KILOS) - Product | H10: =+A10&B10&C10&D10&E10&F10&G10 -> TOTAL ARGENTINA - INGGUARNICIONES PARA COPETINPart. de Vtas (KILOS) - Product | I10: 100 | J10: 100 | K10: 100 | L10: 100 | M10: 100 | N10: 100 | O10: 100 | P10: 100 | Q10: 100 | R10: 100 | S10: 100 | T10: 100 | U10: 100 | V10: 100 | W10: 100 | X10: 100 | Y10: 100 | Z10: 100 | AA10: 100 | AB10: 100 | AC10: 100 | AD10: 100 | AE10: 100 | AF10: 100 | AG10: 100 | AH10: 100 | AI10: 100 | AJ10: 100 | AK10: 100 | AL10: 100 | AM10: 100 | AN10: 100 | AO10: 100 | AP10: 100 | AQ10: 100 | AR10: 100 | AS10: 100 | AT10: 100 | AU10: =IF(D10="","",INDEX([1]DICCIONARIO!$G$21:$H$33,MATCH('DATA NIQ'!D10,[1]DICCIONARIO!$G$21:$G$33,0),2))
A11: TOTAL ARGENTINA - ING | B11: GUARNICIONES PARA COPETIN | G11: Part. de Vtas Valor - Product | H11: =+A11&B11&C11&D11&E11&F11&G11 -> TOTAL ARGENTINA - INGGUARNICIONES PARA COPETINPart. de Vtas Valor - Product | I11: 100 | J11: 100 | K11: 100 | L11: 100 | M11: 100 | N11: 100 | O11: 100 | P11: 100 | Q11: 100 | R11: 100 | S11: 100 | T11: 100 | U11: 100 | V11: 100 | W11: 100 | X11: 100 | Y11: 100 | Z11: 100 | AA11: 100 | AB11: 100 | AC11: 100 | AD11: 100 | AE11: 100 | AF11: 100 | AG11: 100 | AH11: 100 | AI11: 100 | AJ11: 100 | AK11: 100 | AL11: 100 | AM11: 100 | AN11: 100 | AO11: 100 | AP11: 100 | AQ11: 100 | AR11: 100 | AS11: 100 | AT11: 100 | AU11: =IF(D11="","",INDEX([1]DICCIONARIO!$G$21:$H$33,MATCH('DATA NIQ'!D11,[1]DICCIONARIO!$G$21:$G$33,0),2))
A12: TOTAL ARGENTINA - ING | B12: GUARNICIONES PARA COPETIN | C12: PEPSICO | G12: Vtas (KILOS) | H12: =+A12&B12&C12&D12&E12&F12&G12 -> TOTAL ARGENTINA - INGGUARNICIONES PARA COPETINPEPSICOVtas (KILOS) | I12: 1713558.2 | J12: 1717476.7 | K12: 1775738.5 | L12: 1804416.1 | M12: 1744715.2 | N12: 1867465.1 | O12: 1878750.4 | P12: 2121312.3 | Q12: 2172328.3 | R12: 1810974.1 | S12: 1818083.5 | T12: 1672999.5 | U12: 1638091.1 | V12: 1585686.1 | W12: 1584517.7 | X12: 1536794.7 | Y12: 1570141.2 | Z12: 1666287.4 | AA12: 1526284.9 | AB12: 1467385.4 | AC12: 1472591.6 | AD12: 1268639.4 | AE12: 1203315.3 | AF12: 1125990 | AG12: 1093196.2 | AH12: 1020963.4 | AI12: 1143379.4 | AJ12: 1110194.2 | AK12: 1137294 | AL12: 1300977.1 | AM12: 1240818.3 | AN12: 1350627.6 | AO12: 1368636 | AP12: 1305763.9 | AQ12: 1374346.7 | AR12: 1345121.6 | AS12: 1345536.5 | AT12: 1282862.2 | AU12: =IF(D12="","",INDEX([1]DICCIONARIO!$G$21:$H$33,MATCH(D12,[1]DICCIONARIO!$G$21:$G$33,0),2))
A13: TOTAL ARGENTINA - ING | B13: GUARNICIONES PARA COPETIN | C13: PEPSICO | G13: Compras (KILOS) | H13: =+A13&B13&C13&D13&E13&F13&G13 -> TOTAL ARGENTINA - INGGUARNICIONES PARA COPETINPEPSICOCompras (KILOS) | I13: 1550047.2 | J13: 1550462.1 | K13: 1598945.9 | L13: 1619562.3 | M13: 1531015.6 | N13: 1768605.2 | O13: 1676019.5 | P13: 1945587.3 | Q13: 1926722.2 | R13: 1586821.7 | S13: 1665736.5 | T13: 1547759.2 | U13: 1469045 | V13: 1398201.4 | W13: 1421582.1 | X13: 1422978.6 | Y13: 1340424.9 | Z13: 1539354.9 | AA13: 1349254 | AB13: 1379788.7 | AC13: 1398102 | AD13: 1135807.4 | AE13: 1114324.6 | AF13: 989263.29 | AG13: 966693.17 | AH13: 941522 | AI13: 1079093.8 | AJ13: 1036318.2 | AK13: 1056907.6 | AL13: 1171746.8 | AM13: 911656.78 | AN13: 1034773.1 | AO13: 1048168.3 | AP13: 960568.01 | AQ13: 1017812.8 | AR13: 977025.66 | AS13: 1001057.5 | AT13: 955215.03 | AU13: =IF(D13="","",INDEX([1]DICCIONARIO!$G$21:$H$33,MATCH(D13,[1]DICCIONARIO!$G$21:$G$33,0),2))
A14: TOTAL ARGENTINA - ING | B14: GUARNICIONES PARA COPETIN | C14: PEPSICO | G14: Inventario (KILOS) | H14: =+A14&B14&C14&D14&E14&F14&G14 -> TOTAL ARGENTINA - INGGUARNICIONES PARA COPETINPEPSICOInventario (KILOS) | I14: 529435.11 | J14: 545084.89 | K14: 542348.58 | L14: 555390.47 | M14: 544816.56 | N14: 647412.16 | O14: 592372.41 | P14: 693003.08 | Q14: 670649.24 | R14: 580607.63 | S14: 585183.98 | T14: 602432.84 | U14: 578422.38 | V14: 566431.16 | W14: 545064.03 | X14: 585818.7 | Y14: 555823.21 | Z14: 611667.88 | AA14: 563927.32 | AB14: 579000.06 | AC14: 606498.44 | AD14: 559281.71 | AE14: 557904.1 | AF14: 519864.15 | AG14: 462769.29 | AH14: 430387.26 | AI14: 467638.24 | AJ14: 473745.96 | AK14: 477565.14 | AL14: 507117 | AM14: 459061.26 | AN14: 469591.54 | AO14: 481350.61 | AP14: 463848.8 | AQ14: 477400.55 | AR14: 456355.91 | AS14: 454878.74 | AT14: 426095.73 | AU14: =IF(D14="","",INDEX([1]DICCIONARIO!$G$21:$H$33,MATCH(D14,[1]DICCIONARIO!$G$21:$G$33,0),2))
A15: TOTAL ARGENTINA - ING | B15: GUARNICIONES PARA COPETIN | C15: PEPSICO | G15: Vtas Valor | H15: =+A15&B15&C15&D15&E15&F15&G15 -> TOTAL ARGENTINA - INGGUARNICIONES PARA COPETINPEPSICOVtas Valor | I15: 4.056743e+09 | J15: 4.2728923e+09 | K15: 4.7044886e+09 | L15: 5.1698565e+09 | M15: 5.3245122e+09 | N15: 6.127727e+09 | O15: 6.7095773e+09 | P15: 8.1870665e+09 | Q15: 9.039762e+09 | R15: 8.2997668e+09 | S15: 9.0052477e+09 | T15: 8.7583797e+09 | U15: 9.2268125e+09 | V15: 9.3680311e+09 | W15: 1.0135654e+10 | X15: 1.1378784e+10 | Y15: 1.3275648e+10 | Z15: 1.5735545e+10 | AA15: 1.5960078e+10 | AB15: 1.8258111e+10 | AC15: 2.2805406e+10 | AD15: 2.389581e+10 | AE15: 2.558695e+10 | AF15: 2.5203153e+10 | AG15: 2.6626742e+10 | AH15: 2.5993333e+10 | AI15: 3.0102304e+10 | AJ15: 3.0126947e+10 | AK15: 3.1294204e+10 | AL15: 3.5807976e+10 | AM15: 3.4458122e+10 | AN15: 3.7518662e+10 | AO15: 3.9207972e+10 | AP15: 3.8118653e+10 | AQ15: 4.0614171e+10 | AR15: 4.0476078e+10 | AS15: 4.1061884e+10 | AT15: 3.9855246e+10 | AU15: =IF(D15="","",INDEX([1]DICCIONARIO!$G$21:$H$33,MATCH(D15,[1]DICCIONARIO!$G$21:$G$33,0),2))
A16: TOTAL ARGENTINA - ING | B16: GUARNICIONES PARA COPETIN | C16: PEPSICO | G16: Dist. Num. Tiendas Handling (C) | H16: =+A16&B16&C16&D16&E16&F16&G16 -> TOTAL ARGENTINA - INGGUARNICIONES PARA COPETINPEPSICODist. Num. Tiendas Handling (C) | I16: 72.018 | J16: 72.182 | K16: 71.16 | L16: 71.127 | M16: 71.372 | N16: 71.384 | O16: 71.184 | P16: 70.764 | Q16: 70.179 | R16: 70.434 | S16: 70.069 | T16: 69.499 | U16: 70.988 | V16: 71.039 | W16: 70.209 | X16: 70.105 | Y16: 68.995 | Z16: 68.558 | AA16: 68.399 | AB16: 68.06 | AC16: 67.368 | AD16: 67.255 | AE16: 66.694 | AF16: 66.336 | AG16: 67.791 | AH16: 67.832 | AI16: 66.564 | AJ16: 67.948 | AK16: 67.961 | AL16: 70.039 | AM16: 69.841 | AN16: 70.306 | AO16: 69.376 | AP16: 68.837 | AQ16: 68.977 | AR16: 68.145 | AS16: 70.145 | AT16: 69.409 | AU16: =IF(D16="","",INDEX([1]DICCIONARIO!$G$21:$H$33,MATCH('DATA NIQ'!D16,[1]DICCIONARIO!$G$21:$G$33,0),2))
A17: TOTAL ARGENTINA - ING | B17: GUARNICIONES PARA COPETIN | C17: PEPSICO | G17: Dist. Pond. Tiendas Handling | H17: =+A17&B17&C17&D17&E17&F17&G17 -> TOTAL ARGENTINA - INGGUARNICIONES PARA COPETINPEPSICODist. Pond. Tiendas Handling | I17: 92.339 | J17: 92.317 | K17: 92.376 | L17: 91.885 | M17: 92.055 | N17: 91.519 | O17: 93.354 | P17: 94.12 | Q17: 93.77 | R17: 93.443 | S17: 93.017 | T17: 93.159 | U17: 93.986 | V17: 93.707 | W17: 93.366 | X17: 93.379 | Y17: 92.244 | Z17: 90.92 | AA17: 90.791 | AB17: 90.806 | AC17: 89.973 | AD17: 92.598 | AE17: 92.187 | AF17: 92.318 | AG17: 92.154 | AH17: 91.709 | AI17: 90.687 | AJ17: 91.352 | AK17: 91.312 | AL17: 91.79 | AM17: 91.915 | AN17: 92.506 | AO17: 92.466 | AP17: 92.776 | AQ17: 93.012 | AR17: 92.914 | AS17: 93.002 | AT17: 92.496 | AU17: =IF(D17="","",INDEX([1]DICCIONARIO!$G$21:$H$33,MATCH('DATA NIQ'!D17,[1]DICCIONARIO!$G$21:$G$33,0),2))
A18: TOTAL ARGENTINA - ING | B18: GUARNICIONES PARA COPETIN | C18: PEPSICO | G18: Part. de Vtas (KILOS) - Product | H18: =+A18&B18&C18&D18&E18&F18&G18 -> TOTAL ARGENTINA - INGGUARNICIONES PARA COPETINPEPSICOPart. de Vtas (KILOS) - Product | I18: 46.338 | J18: 45.34 | K18: 44.38 | L18: 45.181 | M18: 44.985 | N18: 44.708 | O18: 45.42 | P18: 41.817 | Q18: 43.814 | R18: 44.654 | S18: 43.836 | T18: 43.894 | U18: 43.67 | V18: 43.644 | W18: 41.002 | X18: 40.29 | Y18: 41.061 | Z18: 41.188 | AA18: 38.958 | AB18: 33.915 | AC18: 37.58 | AD18: 39.017 | AE18: 37.518 | AF18: 36.668 | AG18: 35.332 | AH18: 33.414 | AI18: 32.806 | AJ18: 34.229 | AK18: 35.679 | AL18: 37.381 | AM18: 36.357 | AN18: 32.212 | AO18: 32.609 | AP18: 35.821 | AQ18: 36.126 | AR18: 36.876 | AS18: 36.907 | AT18: 35.675 | AU18: =IF(D18="","",INDEX([1]DICCIONARIO!$G$21:$H$33,MATCH('DATA NIQ'!D18,[1]DICCIONARIO!$G$21:$G$33,0),2))
A19: TOTAL ARGENTINA - ING | B19: GUARNICIONES PARA COPETIN | C19: PEPSICO | G19: Part. de Vtas Valor - Product | H19: =+A19&B19&C19&D19&E19&F19&G19 -> TOTAL ARGENTINA - INGGUARNICIONES PARA COPETINPEPSICOPart. de Vtas Valor - Product | I19: 59.16 | J19: 58.579 | K19: 57.795 | L19: 58.483 | M19: 58.617 | N19: 58.587 | O19: 59.486 | P19: 57.708 | Q19: 59.57 | R19: 60.488 | S19: 59.865 | T19: 58.892 | U19: 58.801 | V19: 58.571 | W19: 55.788 | X19: 56.295 | Y19: 56.556 | Z19: 56.547 | AA19: 54.106 | AB19: 50.155 | AC19: 53.175 | AD19: 54.555 | AE19: 54.667 | AF19: 53.284 | AG19: 52.013 | AH19: 49.871 | AI19: 48.954 | AJ19: 50.229 | AK19: 50.907 | AL19: 52.376 | AM19: 50.6 | AN19: 46.215 | AO19: 46.307 | AP19: 48.68 | AQ19: 48.698 | AR19: 49.5 | AS19: 49.141 | AT19: 48.385 | AU19: =IF(D19="","",INDEX([1]DICCIONARIO!$G$21:$H$33,MATCH('DATA NIQ'!D19,[1]DICCIONARIO!$G$21:$G$33,0),2))
A20: TOTAL ARGENTINA - ING | B20: GUARNICIONES PARA COPETIN | C20: PEPSICO | D20: 3D | G20: Vtas (KILOS) | H20: =+A20&B20&C20&D20&E20&F20&G20 -> TOTAL ARGENTINA - INGGUARNICIONES PARA COPETINPEPSICO3DVtas (KILOS) | I20: 178393.52 | J20: 179710.14 | K20: 176310.76 | L20: 177353.49 | M20: 173835.91 | N20: 181566.29 | O20: 180118.15 | P20: 200119.17 | Q20: 213825.3 | R20: 180353.99 | S20: 180401.45 | T20: 150993.13 | U20: 139875.03 | V20: 130103.13 | W20: 148967.74 | X20: 141444.39 | Y20: 145722.2 | Z20: 152649.65 | AA20: 128058.46 | AB20: 115318.83 | AC20: 126074.56 | AD20: 102869.53 | AE20: 97748.685 | AF20: 90034.707 | AG20: 87817.31 | AH20: 76489.007 | AI20: 86627.277 | AJ20: 87942.905 | AK20: 97955.569 | AL20: 104284.68 | AM20: 86961.328 | AN20: 61370.434 | AO20: 85749.333 | AP20: 102667.31 | AQ20: 110030.54 | AR20: 112524.57 | AS20: 112164.02 | AT20: 101970.55 | AU20: =IF(D20="","",INDEX([1]DICCIONARIO!$G$21:$H$33,MATCH(D20,[1]DICCIONARIO!$G$21:$G$33,0),2)) -> 3D
A21: TOTAL ARGENTINA - ING | B21: GUARNICIONES PARA COPETIN | C21: PEPSICO | D21: 3D | G21: Compras (KILOS) | H21: =+A21&B21&C21&D21&E21&F21&G21 -> TOTAL ARGENTINA - INGGUARNICIONES PARA COPETINPEPSICO3DCompras (KILOS) | I21: 168050.4 | J21: 168188.52 | K21: 167705.65 | L21: 164682.89 | M21: 158699.93 | N21: 182405.85 | O21: 176759.52 | P21: 199693.95 | Q21: 208162.89 | R21: 159935.29 | S21: 171876.93 | T21: 146046.35 | U21: 132597.04 | V21: 123925.94 | W21: 135012.77 | X21: 130267.82 | Y21: 120804.78 | Z21: 147446.02 | AA21: 114398.27 | AB21: 115558.07 | AC21: 118353.37 | AD21: 91353.535 | AE21: 97544.516 | AF21: 80169.006 | AG21: 80463.883 | AH21: 75653.281 | AI21: 83923.112 | AJ21: 85285.096 | AK21: 95686.013 | AL21: 94086.381 | AM21: 72726.477 | AN21: 49098.514 | AO21: 92701.29 | AP21: 90952.306 | AQ21: 91421.475 | AR21: 91296.506 | AS21: 91318.637 | AT21: 85077.393 | AU21: =IF(D21="","",INDEX([1]DICCIONARIO!$G$21:$H$33,MATCH(D21,[1]DICCIONARIO!$G$21:$G$33,0),2)) -> 3D
A22: TOTAL ARGENTINA - ING | B22: GUARNICIONES PARA COPETIN | C22: PEPSICO | D22: 3D | G22: Inventario (KILOS) | H22: =+A22&B22&C22&D22&E22&F22&G22 -> TOTAL ARGENTINA - INGGUARNICIONES PARA COPETINPEPSICO3DInventario (KILOS) | I22: 59749.283 | J22: 59407.737 | K22: 61286.882 | L22: 62016.083 | M22: 61954.278 | N22: 73106.26 | O22: 72426.224 | P22: 78259.449 | Q22: 77125.209 | R22: 62686.508 | S22: 63129.05 | T22: 65805.001 | U22: 61032.788 | V22: 60231.177 | W22: 58232.671 | X22: 62173.28 | Y22: 57811.17 | Z22: 65317.38 | AA22: 55039.356 | AB22: 56994.099 | AC22: 53677.977 | AD22: 47140.375 | AE22: 50956.281 | AF22: 44541.85 | AG22: 40150.836 | AH22: 37883.527 | AI22: 39138.629 | AJ22: 41667.749 | AK22: 46077.146 | AL22: 45063.423 | AM22: 37606.775 | AN22: 23383.048 | AO22: 37482.956 | AP22: 44997.565 | AQ22: 47321.412 | AR22: 45472.617 | AS22: 42279.032 | AT22: 40175.124 | AU22: =IF(D22="","",INDEX([1]DICCIONARIO!$G$21:$H$33,MATCH(D22,[1]DICCIONARIO!$G$21:$G$33,0),2)) -> 3D
A23: TOTAL ARGENTINA - ING | B23: GUARNICIONES PARA COPETIN | C23: PEPSICO | D23: 3D | G23: Vtas Valor | H23: =+A23&B23&C23&D23&E23&F23&G23 -> TOTAL ARGENTINA - INGGUARNICIONES PARA COPETINPEPSICO3DVtas Valor | I23: 4.6342114e+08 | J23: 4.9438285e+08 | K23: 5.2023217e+08 | L23: 5.603103e+08 | M23: 5.8375661e+08 | N23: 6.6215734e+08 | O23: 7.1849023e+08 | P23: 8.6222036e+08 | Q23: 1.0082871e+09 | R23: 9.2582265e+08 | S23: 9.9059509e+08 | T23: 8.8633883e+08 | U23: 9.0492596e+08 | V23: 8.9382457e+08 | W23: 1.0642794e+09 | X23: 1.150217e+09 | Y23: 1.3226441e+09 | Z23: 1.5493275e+09 | AA23: 1.5224482e+09 | AB23: 1.665638e+09 | AC23: 2.1276606e+09 | AD23: 2.11024e+09 | AE23: 2.2626065e+09 | AF23: 2.2039588e+09 | AG23: 2.3509743e+09 | AH23: 2.170105e+09 | AI23: 2.4901818e+09 | AJ23: 2.6032285e+09 | AK23: 2.9039604e+09 | AL23: 3.1789535e+09 | AM23: 2.6932236e+09 | AN23: 1.9589668e+09 | AO23: 2.7632024e+09 | AP23: 3.2826538e+09 | AQ23: 3.6182288e+09 | AR23: 3.750119e+09 | AS23: 3.828493e+09 | AT23: 3.5234963e+09 | AU23: =IF(D23="","",INDEX([1]DICCIONARIO!$G$21:$H$33,MATCH(D23,[1]DICCIONARIO!$G$21:$G$33,0),2)) -> 3D
A24: TOTAL ARGENTINA - ING | B24: GUARNICIONES PARA COPETIN | C24: PEPSICO | D24: 3D | G24: Dist. Num. Tiendas Handling (C) | H24: =+A24&B24&C24&D24&E24&F24&G24 -> TOTAL ARGENTINA - INGGUARNICIONES PARA COPETINPEPSICO3DDist. Num. Tiendas Handling (C) | I24: 56.56 | J24: 55.784 | K24: 55.584 | L24: 58.631 | M24: 61.198 | N24: 59.049 | O24: 58.465 | P24: 58.268 | Q24: 56.288 | R24: 54.722 | S24: 56.552 | T24: 55.969 | U24: 57.282 | V24: 57.333 | W24: 55.921 | X24: 55.942 | Y24: 55.327 | Z24: 55.326 | AA24: 53.978 | AB24: 53.969 | AC24: 54.047 | AD24: 51.077 | AE24: 48.944 | AF24: 50.336 | AG24: 50.605 | AH24: 47.63 | AI24: 46.095 | AJ24: 47.537 | AK24: 51.556 | AL24: 52.526 | AM24: 52.904 | AN24: 45.622 | AO24: 48.602 | AP24: 50.847 | AQ24: 53.682 | AR24: 53.488 | AS24: 56.289 | AT24: 54.028 | AU24: =IF(D24="","",INDEX([1]DICCIONARIO!$G$21:$H$33,MATCH('DATA NIQ'!D24,[1]DICCIONARIO!$G$21:$G$33,0),2)) -> 3D
A25: TOTAL ARGENTINA - ING | B25: GUARNICIONES PARA COPETIN | C25: PEPSICO | D25: 3D | G25: Dist. Pond. Tiendas Handling | H25: =+A25&B25&C25&D25&E25&F25&G25 -> TOTAL ARGENTINA - INGGUARNICIONES PARA COPETINPEPSICO3DDist. Pond. Tiendas Handling | I25: 85.016 | J25: 84.848 | K25: 85.571 | L25: 85.855 | M25: 87.187 | N25: 85.965 | O25: 85.616 | P25: 86.63 | Q25: 85.934 | R25: 84.955 | S25: 84.885 | T25: 84.079 | U25: 81.726 | V25: 81.945 | W25: 83.082 | X25: 83.65 | Y25: 84.467 | Z25: 83.627 | AA25: 81.805 | AB25: 81.496 | AC25: 82.408 | AD25: 83.865 | AE25: 83.531 | AF25: 84.03 | AG25: 81.511 | AH25: 76.993 | AI25: 80.082 | AJ25: 81.21 | AK25: 83.115 | AL25: 83.242 | AM25: 81.974 | AN25: 68.65 | AO25: 78.946 | AP25: 82.697 | AQ25: 84.189 | AR25: 85.025 | AS25: 86.202 | AT25: 84.047 | AU25: =IF(D25="","",INDEX([1]DICCIONARIO!$G$21:$H$33,MATCH('DATA NIQ'!D25,[1]DICCIONARIO!$G$21:$G$33,0),2)) -> 3D
A26: TOTAL ARGENTINA - ING | B26: GUARNICIONES PARA COPETIN | C26: PEPSICO | D26: 3D | G26: Part. de Vtas (KILOS) - Product | H26: =+A26&B26&C26&D26&E26&F26&G26 -> TOTAL ARGENTINA - INGGUARNICIONES PARA COPETINPEPSICO3DPart. de Vtas (KILOS) - Product | I26: 4.824 | J26: 4.744 | K26: 4.406 | L26: 4.441 | M26: 4.482 | N26: 4.347 | O26: 4.354 | P26: 3.945 | Q26: 4.313 | R26: 4.447 | S26: 4.35 | T26: 3.962 | U26: 3.729 | V26: 3.581 | W26: 3.855 | X26: 3.708 | Y26: 3.811 | Z26: 3.773 | AA26: 3.269 | AB26: 2.665 | AC26: 3.217 | AD26: 3.164 | AE26: 3.048 | AF26: 2.932 | AG26: 2.838 | AH26: 2.503 | AI26: 2.486 | AJ26: 2.711 | AK26: 3.073 | AL26: 2.996 | AM26: 2.548 | AN26: 1.464 | AO26: 2.043 | AP26: 2.817 | AQ26: 2.892 | AR26: 3.085 | AS26: 3.077 | AT26: 2.836 | AU26: =IF(D26="","",INDEX([1]DICCIONARIO!$G$21:$H$33,MATCH('DATA NIQ'!D26,[1]DICCIONARIO!$G$21:$G$33,0),2)) -> 3D
A27: TOTAL ARGENTINA - ING | B27: GUARNICIONES PARA COPETIN | C27: PEPSICO | D27: 3D | G27: Part. de Vtas Valor - Product | H27: =+A27&B27&C27&D27&E27&F27&G27 -> TOTAL ARGENTINA - INGGUARNICIONES PARA COPETINPEPSICO3DPart. de Vtas Valor - Product | I27: 6.758 | J27: 6.778 | K27: 6.391 | L27: 6.338 | M27: 6.427 | N27: 6.331 | O27: 6.37 | P27: 6.077 | Q27: 6.644 | R27: 6.747 | S27: 6.585 | T27: 5.96 | U27: 5.767 | V27: 5.588 | W27: 5.858 | X27: 5.691 | Y27: 5.635 | Z27: 5.568 | AA27: 5.161 | AB27: 4.575 | AC27: 4.961 | AD27: 4.818 | AE27: 4.834 | AF27: 4.66 | AG27: 4.592 | AH27: 4.164 | AI27: 4.05 | AJ27: 4.34 | AK27: 4.724 | AL27: 4.65 | AM27: 3.955 | AN27: 2.413 | AO27: 3.264 | AP27: 4.192 | AQ27: 4.338 | AR27: 4.586 | AS27: 4.582 | AT27: 4.278 | AU27: =IF(D27="","",INDEX([1]DICCIONARIO!$G$21:$H$33,MATCH('DATA NIQ'!D27,[1]DICCIONARIO!$G$21:$G$33,0),2)) -> 3D
A28: TOTAL ARGENTINA - ING | B28: GUARNICIONES PARA COPETIN | C28: PEPSICO | D28: 3D | E28: 3D | G28: Vtas (KILOS) | H28: =+A28&B28&C28&D28&E28&F28&G28 -> TOTAL ARGENTINA - INGGUARNICIONES PARA COPETINPEPSICO3D3DVtas (KILOS) | I28: 178393.52 | J28: 179710.14 | K28: 176310.76 | L28: 177353.49 | M28: 173835.91 | N28: 181566.29 | O28: 180118.15 | P28: 200119.17 | Q28: 213825.3 | R28: 180353.99 | S28: 180401.45 | T28: 150993.13 | U28: 139875.03 | V28: 130103.13 | W28: 148967.74 | X28: 141444.39 | Y28: 145722.2 | Z28: 152649.65 | AA28: 128058.46 | AB28: 115318.83 | AC28: 126074.56 | AD28: 102869.53 | AE28: 97748.685 | AF28: 90034.707 | AG28: 87817.31 | AH28: 76489.007 | AI28: 86627.277 | AJ28: 87942.905 | AK28: 97955.569 | AL28: 104284.68 | AM28: 86961.328 | AN28: 61370.434 | AO28: 85749.333 | AP28: 102667.31 | AQ28: 110030.54 | AR28: 112524.57 | AS28: 112164.02 | AT28: 101970.55 | AU28: =IF(D28="","",INDEX([1]DICCIONARIO!$G$21:$H$33,MATCH(D28,[1]DICCIONARIO!$G$21:$G$33,0),2)) -> 3D
A29: TOTAL ARGENTINA - ING | B29: GUARNICIONES PARA COPETIN | C29: PEPSICO | D29: 3D | E29: 3D | G29: Compras (KILOS) | H29: =+A29&B29&C29&D29&E29&F29&G29 -> TOTAL ARGENTINA - INGGUARNICIONES PARA COPETINPEPSICO3D3DCompras (KILOS) | I29: 168050.4 | J29: 168188.52 | K29: 167705.65 | L29: 164682.89 | M29: 158699.93 | N29: 182405.85 | O29: 176759.52 | P29: 199693.95 | Q29: 208162.89 | R29: 159935.29 | S29: 171876.93 | T29: 146046.35 | U29: 132597.04 | V29: 123925.94 | W29: 135012.77 | X29: 130267.82 | Y29: 120804.78 | Z29: 147446.02 | AA29: 114398.27 | AB29: 115558.07 | AC29: 118353.37 | AD29: 91353.535 | AE29: 97544.516 | AF29: 80169.006 | AG29: 80463.883 | AH29: 75653.281 | AI29: 83923.112 | AJ29: 85285.096 | AK29: 95686.013 | AL29: 94086.381 | AM29: 72726.477 | AN29: 49098.514 | AO29: 92701.29 | AP29: 90952.306 | AQ29: 91421.475 | AR29: 91296.506 | AS29: 91318.637 | AT29: 85077.393 | AU29: =IF(D29="","",INDEX([1]DICCIONARIO!$G$21:$H$33,MATCH(D29,[1]DICCIONARIO!$G$21:$G$33,0),2)) -> 3D
A30: TOTAL ARGENTINA - ING | B30: GUARNICIONES PARA COPETIN | C30: PEPSICO | D30: 3D | E30: 3D | G30: Inventario (KILOS) | H30: =+A30&B30&C30&D30&E30&F30&G30 -> TOTAL ARGENTINA - INGGUARNICIONES PARA COPETINPEPSICO3D3DInventario (KILOS) | I30: 59749.283 | J30: 59407.737 | K30: 61286.882 | L30: 62016.083 | M30: 61954.278 | N30: 73106.26 | O30: 72426.224 | P30: 78259.449 | Q30: 77125.209 | R30: 62686.508 | S30: 63129.05 | T30: 65805.001 | U30: 61032.788 | V30: 60231.177 | W30: 58232.671 | X30: 62173.28 | Y30: 57811.17 | Z30: 65317.38 | AA30: 55039.356 | AB30: 56994.099 | AC30: 53677.977 | AD30: 47140.375 | AE30: 50956.281 | AF30: 44541.85 | AG30: 40150.836 | AH30: 37883.527 | AI30: 39138.629 | AJ30: 41667.749 | AK30: 46077.146 | AL30: 45063.423 | AM30: 37606.775 | AN30: 23383.048 | AO30: 37482.956 | AP30: 44997.565 | AQ30: 47321.412 | AR30: 45472.617 | AS30: 42279.032 | AT30: 40175.124 | AU30: =IF(D30="","",INDEX([1]DICCIONARIO!$G$21:$H$33,MATCH(D30,[1]DICCIONARIO!$G$21:$G$33,0),2)) -> 3D
A31: TOTAL ARGENTINA - ING | B31: GUARNICIONES PARA COPETIN | C31: PEPSICO | D31: 3D | E31: 3D | G31: Vtas Valor | H31: =+A31&B31&C31&D31&E31&F31&G31 -> TOTAL ARGENTINA - INGGUARNICIONES PARA COPETINPEPSICO3D3DVtas Valor | I31: 4.6342114e+08 | J31: 4.9438285e+08 | K31: 5.2023217e+08 | L31: 5.603103e+08 | M31: 5.8375661e+08 | N31: 6.6215734e+08 | O31: 7.1849023e+08 | P31: 8.6222036e+08 | Q31: 1.0082871e+09 | R31: 9.2582265e+08 | S31: 9.9059509e+08 | T31: 8.8633883e+08 | U31: 9.0492596e+08 | V31: 8.9382457e+08 | W31: 1.0642794e+09 | X31: 1.150217e+09 | Y31: 1.3226441e+09 | Z31: 1.5493275e+09 | AA31: 1.5224482e+09 | AB31: 1.665638e+09 | AC31: 2.1276606e+09 | AD31: 2.11024e+09 | AE31: 2.2626065e+09 | AF31: 2.2039588e+09 | AG31: 2.3509743e+09 | AH31: 2.170105e+09 | AI31: 2.4901818e+09 | AJ31: 2.6032285e+09 | AK31: 2.9039604e+09 | AL31: 3.1789535e+09 | AM31: 2.6932236e+09 | AN31: 1.9589668e+09 | AO31: 2.7632024e+09 | AP31: 3.2826538e+09 | AQ31: 3.6182288e+09 | AR31: 3.750119e+09 | AS31: 3.828493e+09 | AT31: 3.5234963e+09 | AU31: =IF(D31="","",INDEX([1]DICCIONARIO!$G$21:$H$33,MATCH(D31,[1]DICCIONARIO!$G$21:$G$33,0),2)) -> 3D
A32: TOTAL ARGENTINA - ING | B32: GUARNICIONES PARA COPETIN | C32: PEPSICO | D32: 3D | E32: 3D | G32: Dist. Num. Tiendas Handling (C) | H32: =+A32&B32&C32&D32&E32&F32&G32 -> TOTAL ARGENTINA - INGGUARNICIONES PARA COPETINPEPSICO3D3DDist. Num. Tiendas Handling (C) | I32: 56.56 | J32: 55.784 | K32: 55.584 | L32: 58.631 | M32: 61.198 | N32: 59.049 | O32: 58.465 | P32: 58.268 | Q32: 56.288 | R32: 54.722 | S32: 56.552 | T32: 55.969 | U32: 57.282 | V32: 57.333 | W32: 55.921 | X32: 55.942 | Y32: 55.327 | Z32: 55.326 | AA32: 53.978 | AB32: 53.969 | AC32: 54.047 | AD32: 51.077 | AE32: 48.944 | AF32: 50.336 | AG32: 50.605 | AH32: 47.63 | AI32: 46.095 | AJ32: 47.537 | AK32: 51.556 | AL32: 52.526 | AM32: 52.904 | AN32: 45.622 | AO32: 48.602 | AP32: 50.847 | AQ32: 53.682 | AR32: 53.488 | AS32: 56.289 | AT32: 54.028 | AU32: =IF(D32="","",INDEX([1]DICCIONARIO!$G$21:$H$33,MATCH('DATA NIQ'!D32,[1]DICCIONARIO!$G$21:$G$33,0),2)) -> 3D
A33: TOTAL ARGENTINA - ING | B33: GUARNICIONES PARA COPETIN | C33: PEPSICO | D33: 3D | E33: 3D | G33: Dist. Pond. Tiendas Handling | H33: =+A33&B33&C33&D33&E33&F33&G33 -> TOTAL ARGENTINA - INGGUARNICIONES PARA COPETINPEPSICO3D3DDist. Pond. Tiendas Handling | I33: 85.016 | J33: 84.848 | K33: 85.571 | L33: 85.855 | M33: 87.187 | N33: 85.965 | O33: 85.616 | P33: 86.63 | Q33: 85.934 | R33: 84.955 | S33: 84.885 | T33: 84.079 | U33: 81.726 | V33: 81.945 | W33: 83.082 | X33: 83.65 | Y33: 84.467 | Z33: 83.627 | AA33: 81.805 | AB33: 81.496 | AC33: 82.408 | AD33: 83.865 | AE33: 83.531 | AF33: 84.03 | AG33: 81.511 | AH33: 76.993 | AI33: 80.082 | AJ33: 81.21 | AK33: 83.115 | AL33: 83.242 | AM33: 81.974 | AN33: 68.65 | AO33: 78.946 | AP33: 82.697 | AQ33: 84.189 | AR33: 85.025 | AS33: 86.202 | AT33: 84.047 | AU33: =IF(D33="","",INDEX([1]DICCIONARIO!$G$21:$H$33,MATCH('DATA NIQ'!D33,[1]DICCIONARIO!$G$21:$G$33,0),2)) -> 3D
A34: TOTAL ARGENTINA - ING | B34: GUARNICIONES PARA COPETIN | C34: PEPSICO | D34: 3D | E34: 3D | G34: Part. de Vtas (KILOS) - Product | H34: =+A34&B34&C34&D34&E34&F34&G34 -> TOTAL ARGENTINA - INGGUARNICIONES PARA COPETINPEPSICO3D3DPart. de Vtas (KILOS) - Product | I34: 4.824 | J34: 4.744 | K34: 4.406 | L34: 4.441 | M34: 4.482 | N34: 4.347 | O34: 4.354 | P34: 3.945 | Q34: 4.313 | R34: 4.447 | S34: 4.35 | T34: 3.962 | U34: 3.729 | V34: 3.581 | W34: 3.855 | X34: 3.708 | Y34: 3.811 | Z34: 3.773 | AA34: 3.269 | AB34: 2.665 | AC34: 3.217 | AD34: 3.164 | AE34: 3.048 | AF34: 2.932 | AG34: 2.838 | AH34: 2.503 | AI34: 2.486 | AJ34: 2.711 | AK34: 3.073 | AL34: 2.996 | AM34: 2.548 | AN34: 1.464 | AO34: 2.043 | AP34: 2.817 | AQ34: 2.892 | AR34: 3.085 | AS34: 3.077 | AT34: 2.836 | AU34: =IF(D34="","",INDEX([1]DICCIONARIO!$G$21:$H$33,MATCH('DATA NIQ'!D34,[1]DICCIONARIO!$G$21:$G$33,0),2)) -> 3D
A35: TOTAL ARGENTINA - ING | B35: GUARNICIONES PARA COPETIN | C35: PEPSICO | D35: 3D | E35: 3D | G35: Part. de Vtas Valor - Product | H35: =+A35&B35&C35&D35&E35&F35&G35 -> TOTAL ARGENTINA - INGGUARNICIONES PARA COPETINPEPSICO3D3DPart. de Vtas Valor - Product | I35: 6.758 | J35: 6.778 | K35: 6.391 | L35: 6.338 | M35: 6.427 | N35: 6.331 | O35: 6.37 | P35: 6.077 | Q35: 6.644 | R35: 6.747 | S35: 6.585 | T35: 5.96 | U35: 5.767 | V35: 5.588 | W35: 5.858 | X35: 5.691 | Y35: 5.635 | Z35: 5.568 | AA35: 5.161 | AB35: 4.575 | AC35: 4.961 | AD35: 4.818 | AE35: 4.834 | AF35: 4.66 | AG35: 4.592 | AH35: 4.164 | AI35: 4.05 | AJ35: 4.34 | AK35: 4.724 | AL35: 4.65 | AM35: 3.955 | AN35: 2.413 | AO35: 3.264 | AP35: 4.192 | AQ35: 4.338 | AR35: 4.586 | AS35: 4.582 | AT35: 4.278 | AU35: =IF(D35="","",INDEX([1]DICCIONARIO!$G$21:$H$33,MATCH('DATA NIQ'!D35,[1]DICCIONARIO!$G$21:$G$33,0),2)) -> 3D
A36: TOTAL ARGENTINA - ING | B36: GUARNICIONES PARA COPETIN | C36: PEPSICO | D36: 3D | E36: 3D | F36: 121 A 200 | G36: Vtas (KILOS) | H36: =+A36&B36&C36&D36&E36&F36&G36 -> TOTAL ARGENTINA - INGGUARNICIONES PARA COPETINPEPSICO3D3D121 A 200Vtas (KILOS) | I36: 51899.182 | J36: 54213.768 | K36: 52925.825 | L36: 48238.52 | M36: 48602.133 | N36: 52784.221 | O36: 51456.611 | P36: 60340.152 | Q36: 59421.109 | R36: 52070.606 | S36: 46417.873 | T36: 34564.421 | U36: 33497.543 | V36: 31804.509 | W36: 38812.156 | X36: 35153.992 | Y36: 36704.101 | Z36: 39351.081 | AA36: 29572.557 | AB36: 23446.92 | AC36: 24482.691 | AD36: 22161.929 | AE36: 20881.087 | AF36: 20524.257 | AG36: 20051.966 | AH36: 15007.828 | AI36: 22227.515 | AJ36: 19306.411 | AK36: 22431.397 | AL36: 21121.641 | AM36: 20007.842 | AN36: 13855.044 | AO36: 20148.964 | AP36: 28613.052 | AQ36: 29018.949 | AR36: 31227.506 | AS36: 29244.934 | AT36: 26342.649 | AU36: =IF(D36="","",INDEX([1]DICCIONARIO!$G$21:$H$33,MATCH(D36,[1]DICCIONARIO!$G$21:$G$33,0),2)) -> 3D
A37: TOTAL ARGENTINA - ING | B37: GUARNICIONES PARA COPETIN | C37: PEPSICO | D37: 3D | E37: 3D | F37: 121 A 200 | G37: Compras (KILOS) | H37: =+A37&B37&C37&D37&E37&F37&G37 -> TOTAL ARGENTINA - INGGUARNICIONES PARA COPETINPEPSICO3D3D121 A 200Compras (KILOS) | I37: 44294.188 | J37: 48019.974 | K37: 47853.141 | L37: 40405.263 | M37: 41613.683 | N37: 53219.753 | O37: 45579.473 | P37: 59119.857 | Q37: 57462.752 | R37: 44414.814 | S37: 40195.793 | T37: 30181.516 | U37: 30614.065 | V37: 26934.004 | W37: 31301.785 | X37: 30203.419 | Y37: 27643.835 | Z37: 40146.269 | AA37: 24561.851 | AB37: 25265.831 | AC37: 26211.116 | AD37: 18774.417 | AE37: 21090.557 | AF37: 15563.944 | AG37: 16794.245 | AH37: 13258.258 | AI37: 17796.314 | AJ37: 15209.689 | AK37: 18476.827 | AL37: 17745.179 | AM37: 13894.014 | AN37: 10873.775 | AO37: 19562.366 | AP37: 19764.219 | AQ37: 21681.197 | AR37: 18533.937 | AS37: 20802.511 | AT37: 15599.296 | AU37: =IF(D37="","",INDEX([1]DICCIONARIO!$G$21:$H$33,MATCH(D37,[1]DICCIONARIO!$G$21:$G$33,0),2)) -> 3D
A38: TOTAL ARGENTINA - ING | B38: GUARNICIONES PARA COPETIN | C38: PEPSICO | D38: 3D | E38: 3D | F38: 121 A 200 | G38: Inventario (KILOS) | H38: =+A38&B38&C38&D38&E38&F38&G38 -> TOTAL ARGENTINA - INGGUARNICIONES PARA COPETINPEPSICO3D3D121 A 200Inventario (KILOS) | I38: 17327.531 | J38: 17502.713 | K38: 17235.344 | L38: 16500.727 | M38: 17603.031 | N38: 24342.266 | O38: 21734.683 | P38: 24344.914 | Q38: 24045.433 | R38: 19467.235 | S38: 17599.845 | T38: 16557.069 | U38: 16213.745 | V38: 14972.587 | W38: 13296.199 | X38: 15070.305 | Y38: 14576.324 | Z38: 17362.12 | AA38: 11715.172 | AB38: 12441.134 | AC38: 13315.042 | AD38: 11064.957 | AE38: 13002.102 | AF38: 9680.874 | AG38: 8228.566 | AH38: 7503.45 | AI38: 8495.55 | AJ38: 7740.617 | AK38: 8817.282 | AL38: 9956.917 | AM38: 8191.368 | AN38: 6169.836 | AO38: 8933.609 | AP38: 10426.496 | AQ38: 11803.444 | AR38: 9525.651 | AS38: 11042.092 | AT38: 9426.369 | AU38: =IF(D38="","",INDEX([1]DICCIONARIO!$G$21:$H$33,MATCH(D38,[1]DICCIONARIO!$G$21:$G$33,0),2)) -> 3D
A39: TOTAL ARGENTINA - ING | B39: GUARNICIONES PARA COPETIN | C39: PEPSICO | D39: 3D | E39: 3D | F39: 121 A 200 | G39: Vtas Valor | H39: =+A39&B39&C39&D39&E39&F39&G39 -> TOTAL ARGENTINA - INGGUARNICIONES PARA COPETINPEPSICO3D3D121 A 200Vtas Valor | I39: 1.1007585e+08 | J39: 1.2110567e+08 | K39: 1.2831631e+08 | L39: 1.2412284e+08 | M39: 1.2940715e+08 | N39: 1.5542982e+08 | O39: 1.7420199e+08 | P39: 2.2763743e+08 | Q39: 2.4431947e+08 | R39: 2.3389329e+08 | S39: 2.237579e+08 | T39: 1.7404996e+08 | U39: 1.847287e+08 | V39: 1.7900535e+08 | W39: 2.2559095e+08 | X39: 2.3093103e+08 | Y39: 2.7059256e+08 | Z39: 3.3571937e+08 | AA39: 3.0287263e+08 | AB39: 2.9419547e+08 | AC39: 3.7505537e+08 | AD39: 4.1393573e+08 | AE39: 4.4583479e+08 | AF39: 4.421681e+08 | AG39: 4.6734166e+08 | AH39: 3.7104139e+08 | AI39: 5.5614719e+08 | AJ39: 4.9020144e+08 | AK39: 5.7750911e+08 | AL39: 5.7503488e+08 | AM39: 5.5738532e+08 | AN39: 3.9373744e+08 | AO39: 5.7216513e+08 | AP39: 8.0168692e+08 | AQ39: 8.4984368e+08 | AR39: 8.9494113e+08 | AS39: 8.5501468e+08 | AT39: 7.7386532e+08 | AU39: =IF(D39="","",INDEX([1]DICCIONARIO!$G$21:$H$33,MATCH(D39,[1]DICCIONARIO!$G$21:$G$33,0),2)) -> 3D
A40: TOTAL ARGENTINA - ING | B40: GUARNICIONES PARA COPETIN | C40: PEPSICO | D40: 3D | E40: 3D | F40: 121 A 200 | G40: Dist. Num. Tiendas Handling (C) | H40: =+A40&B40&C40&D40&E40&F40&G40 -> TOTAL ARGENTINA - INGGUARNICIONES PARA COPETINPEPSICO3D3D121 A 200Dist. Num. Tiendas Handling (C) | I40: 19.142 | J40: 19.577 | K40: 19.289 | L40: 19.449 | M40: 19.379 | N40: 21.535 | O40: 21.609 | P40: 20.714 | Q40: 20.134 | R40: 20.1 | S40: 18.74 | T40: 17.373 | U40: 16.943 | V40: 17.015 | W40: 15.57 | X40: 15.173 | Y40: 17.236 | Z40: 17.561 | AA40: 16.012 | AB40: 14.704 | AC40: 14.395 | AD40: 14.831 | AE40: 13.449 | AF40: 13.032 | AG40: 13.385 | AH40: 11.724 | AI40: 11.811 | AJ40: 10.783 | AK40: 11.756 | AL40: 12.074 | AM40: 12.253 | AN40: 10.68 | AO40: 11.739 | AP40: 12.857 | AQ40: 14.41 | AR40: 14.198 | AS40: 14.051 | AT40: 13.967 | AU40: =IF(D40="","",INDEX([1]DICCIONARIO!$G$21:$H$33,MATCH('DATA NIQ'!D40,[1]DICCIONARIO!$G$21:$G$33,0),2)) -> 3D
A41: TOTAL ARGENTINA - ING | B41: GUARNICIONES PARA COPETIN | C41: PEPSICO | D41: 3D | E41: 3D | F41: 121 A 200 | G41: Dist. Pond. Tiendas Handling | H41: =+A41&B41&C41&D41&E41&F41&G41 -> TOTAL ARGENTINA - INGGUARNICIONES PARA COPETINPEPSICO3D3D121 A 200Dist. Pond. Tiendas Handling | I41: 56.18 | J41: 56.644 | K41: 56.012 | L41: 55.712 | M41: 55.334 | N41: 56.796 | O41: 55.708 | P41: 57.532 | Q41: 53.754 | R41: 51.602 | S41: 52.827 | T41: 49.382 | U41: 49.816 | V41: 50.471 | W41: 50.439 | X41: 48.149 | Y41: 51.111 | Z41: 52.101 | AA41: 44.663 | AB41: 29.77 | AC41: 30.604 | AD41: 40.778 | AE41: 40.858 | AF41: 39.925 | AG41: 38.758 | AH41: 38.22 | AI41: 41.626 | AJ41: 40.4 | AK41: 44.693 | AL41: 45.386 | AM41: 43.747 | AN41: 32.639 | AO41: 40.917 | AP41: 47.741 | AQ41: 49.728 | AR41: 48.418 | AS41: 47.188 | AT41: 46.591 | AU41: =IF(D41="","",INDEX([1]DICCIONARIO!$G$21:$H$33,MATCH('DATA NIQ'!D41,[1]DICCIONARIO!$G$21:$G$33,0),2)) -> 3D
A42: TOTAL ARGENTINA - ING | B42: GUARNICIONES PARA COPETIN | C42: PEPSICO | D42: 3D | E42: 3D | F42: 121 A 200 | G42: Part. de Vtas (KILOS) - Product | H42: =+A42&B42&C42&D42&E42&F42&G42 -> TOTAL ARGENTINA - INGGUARNICIONES PARA COPETINPEPSICO3D3D121 A 200Part. de Vtas (KILOS) - Product | I42: 1.403 | J42: 1.431 | K42: 1.323 | L42: 1.208 | M42: 1.253 | N42: 1.264 | O42: 1.244 | P42: 1.19 | Q42: 1.198 | R42: 1.284 | S42: 1.119 | T42: 0.907 | U42: 0.893 | V42: 0.875 | W42: 1.004 | X42: 0.922 | Y42: 0.96 | Z42: 0.973 | AA42: 0.755 | AB42: 0.542 | AC42: 0.625 | AD42: 0.682 | AE42: 0.651 | AF42: 0.668 | AG42: 0.648 | AH42: 0.491 | AI42: 0.638 | AJ42: 0.595 | AK42: 0.704 | AL42: 0.607 | AM42: 0.586 | AN42: 0.33 | AO42: 0.48 | AP42: 0.785 | AQ42: 0.763 | AR42: 0.856 | AS42: 0.802 | AT42: 0.733 | AU42: =IF(D42="","",INDEX([1]DICCIONARIO!$G$21:$H$33,MATCH('DATA NIQ'!D42,[1]DICCIONARIO!$G$21:$G$33,0),2)) -> 3D
A43: TOTAL ARGENTINA - ING | B43: GUARNICIONES PARA COPETIN | C43: PEPSICO | D43: 3D | E43: 3D | F43: 121 A 200 | G43: Part. de Vtas Valor - Product | H43: =+A43&B43&C43&D43&E43&F43&G43 -> TOTAL ARGENTINA - INGGUARNICIONES PARA COPETINPEPSICO3D3D121 A 200Part. de Vtas Valor - Product | I43: 1.605 | J43: 1.66 | K43: 1.576 | L43: 1.404 | M43: 1.425 | N43: 1.486 | O43: 1.544 | P43: 1.605 | Q43: 1.61 | R43: 1.705 | S43: 1.488 | T43: 1.17 | U43: 1.177 | V43: 1.119 | W43: 1.242 | X43: 1.143 | Y43: 1.153 | Z43: 1.206 | AA43: 1.027 | AB43: 0.808 | AC43: 0.875 | AD43: 0.945 | AE43: 0.953 | AF43: 0.935 | AG43: 0.913 | AH43: 0.712 | AI43: 0.904 | AJ43: 0.817 | AK43: 0.94 | AL43: 0.841 | AM43: 0.819 | AN43: 0.485 | AO43: 0.676 | AP43: 1.024 | AQ43: 1.019 | AR43: 1.095 | AS43: 1.023 | AT43: 0.94 | AU43: =IF(D43="","",INDEX([1]DICCIONARIO!$G$21:$H$33,MATCH('DATA NIQ'!D43,[1]DICCIONARIO!$G$21:$G$33,0),2)) -> 3D
A44: TOTAL ARGENTINA - ING | B44: GUARNICIONES PARA COPETIN | C44: PEPSICO | D44: 3D | E44: 3D | F44: 21 A 40 | G44: Vtas (KILOS) | H44: =+A44&B44&C44&D44&E44&F44&G44 -> TOTAL ARGENTINA - INGGUARNICIONES PARA COPETINPEPSICO3D3D21 A 40Vtas (KILOS) | I44: 3116.69 | J44: 2784.357 | K44: 2529.611 | L44: 2808.818 | M44: 3142.293 | N44: 3180.432 | O44: 3648.279 | P44: 3406.036 | Q44: 3491.093 | R44: 2696.161 | S44: 2958.799 | T44: 3064.167 | U44: 3004.453 | V44: 2750.553 | W44: 2741.474 | X44: 2643.285 | Y44: 2331.539 | Z44: 2489.419 | AA44: 1983.661 | AB44: 2058.947 | AC44: 2190.229 | AD44: 1388.737 | AE44: 1394.427 | AF44: 1526.524 | AG44: 2215.259 | AH44: 2297.297 | AI44: 2461.017 | AJ44: 2369.211 | AK44: 1901.779 | AL44: 3357.108 | AM44: 2554.111 | AN44: 2057.993 | AO44: 1620.125 | AP44: 2115.422 | AQ44: 1957.028 | AR44: 2392.162 | AS44: 2674.094 | AT44: 2317.14 | AU44: =IF(D44="","",INDEX([1]DICCIONARIO!$G$21:$H$33,MATCH(D44,[1]DICCIONARIO!$G$21:$G$33,0),2)) -> 3D
A45: TOTAL ARGENTINA - ING | B45: GUARNICIONES PARA COPETIN | C45: PEPSICO | D45: 3D | E45: 3D | F45: 21 A 40 | G45: Compras (KILOS) | H45: =+A45&B45&C45&D45&E45&F45&G45 -> TOTAL ARGENTINA - INGGUARNICIONES PARA COPETINPEPSICO3D3D21 A 40Compras (KILOS) | I45: 3262.908 | J45: 2756.696 | K45: 2560.775 | L45: 3215.348 | M45: 3187.831 | N45: 3119.255 | O45: 3919.387 | P45: 3251.446 | Q45: 3560.374 | R45: 2584.295 | S45: 3204.636 | T45: 3181.013 | U45: 2876.589 | V45: 3102.334 | W45: 2626.726 | X45: 2845.876 | Y45: 2233.889 | Z45: 2622.201 | AA45: 1778.726 | AB45: 2528.198 | AC45: 2048.735 | AD45: 1186.539 | AE45: 1666.167 | AF45: 1578.233 | AG45: 2604.006 | AH45: 2334.13 | AI45: 2139.077 | AJ45: 2519.395 | AK45: 1844.619 | AL45: 3341.726 | AM45: 2175.678 | AN45: 1874.402 | AO45: 1896.783 | AP45: 2524.584 | AQ45: 1998.575 | AR45: 2407.369 | AS45: 2816.949 | AT45: 2281.553 | AU45: =IF(D45="","",INDEX([1]DICCIONARIO!$G$21:$H$33,MATCH(D45,[1]DICCIONARIO!$G$21:$G$33,0),2)) -> 3D
A46: TOTAL ARGENTINA - ING | B46: GUARNICIONES PARA COPETIN | C46: PEPSICO | D46: 3D | E46: 3D | F46: 21 A 40 | G46: Inventario (KILOS) | H46: =+A46&B46&C46&D46&E46&F46&G46 -> TOTAL ARGENTINA - INGGUARNICIONES PARA COPETINPEPSICO3D3D21 A 40Inventario (KILOS) | I46: 1107.478 | J46: 1053.773 | K46: 944.937 | L46: 1258.215 | M46: 1232.518 | N46: 1032.952 | O46: 1091.329 | P46: 912.205 | Q46: 877.469 | R46: 617.79 | S46: 819.689 | T46: 962.078 | U46: 762.496 | V46: 989.239 | W46: 822.965 | X46: 1023.781 | Y46: 918.98 | Z46: 1015.19 | AA46: 786.729 | AB46: 1193.331 | AC46: 964.988 | AD46: 766.336 | AE46: 964.139 | AF46: 1031.66 | AG46: 1268.716 | AH46: 1234.219 | AI46: 888.765 | AJ46: 945.857 | AK46: 863.56 | AL46: 1168.452 | AM46: 734.757 | AN46: 452.56 | AO46: 655.021 | AP46: 1019.953 | AQ46: 1026.445 | AR46: 837.543 | AS46: 891.493 | AT46: 739.37 | AU46: =IF(D46="","",INDEX([1]DICCIONARIO!$G$21:$H$33,MATCH(D46,[1]DICCIONARIO!$G$21:$G$33,0),2)) -> 3D
A47: TOTAL ARGENTINA - ING | B47: GUARNICIONES PARA COPETIN | C47: PEPSICO | D47: 3D | E47: 3D | F47: 21 A 40 | G47: Vtas Valor | H47: =+A47&B47&C47&D47&E47&F47&G47 -> TOTAL ARGENTINA - INGGUARNICIONES PARA COPETINPEPSICO3D3D21 A 40Vtas Valor | I47: 11127363 | J47: 10018281 | K47: 10585151 | L47: 11827523 | M47: 13731159 | N47: 14588798 | O47: 17348495 | P47: 16770008 | Q47: 20573220 | R47: 18898069 | S47: 21234686 | T47: 22386776 | U47: 23767044 | V47: 23213667 | W47: 25650399 | X47: 31511186 | Y47: 31970035 | Z47: 35907865 | AA47: 32996287 | AB47: 41041917 | AC47: 48075430 | AD47: 38504271 | AE47: 43942193 | AF47: 44129200 | AG47: 85742829 | AH47: 90614883 | AI47: 96225906 | AJ47: 92642639 | AK47: 76752443 | AL47: 1.399371e+08 | AM47: 1.0990747e+08 | AN47: 97368334 | AO47: 83726983 | AP47: 1.1692476e+08 | AQ47: 1.0377067e+08 | AR47: 1.2326148e+08 | AS47: 1.5252496e+08 | AT47: 1.2687321e+08 | AU47: =IF(D47="","",INDEX([1]DICCIONARIO!$G$21:$H$33,MATCH(D47,[1]DICCIONARIO!$G$21:$G$33,0),2)) -> 3D
A48: TOTAL ARGENTINA - ING | B48: GUARNICIONES PARA COPETIN | C48: PEPSICO | D48: 3D | E48: 3D | F48: 21 A 40 | G48: Dist. Num. Tiendas Handling (C) | H48: =+A48&B48&C48&D48&E48&F48&G48 -> TOTAL ARGENTINA - INGGUARNICIONES PARA COPETINPEPSICO3D3D21 A 40Dist. Num. Tiendas Handling (C) | I48: 8.219 | J48: 7.649 | K48: 7.072 | L48: 8.12 | M48: 8.305 | N48: 6.763 | O48: 7.514 | P48: 7.366 | Q48: 6.326 | R48: 5.398 | S48: 5.588 | T48: 6.483 | U48: 7.004 | V48: 7.107 | W48: 6.981 | X48: 6.249 | Y48: 6.158 | Z48: 6.299 | AA48: 6.029 | AB48: 6.749 | AC48: 6.69 | AD48: 6.079 | AE48: 5.723 | AF48: 6.571 | AG48: 6.881 | AH48: 7.41 | AI48: 7.099 | AJ48: 6.658 | AK48: 5.361 | AL48: 7.097 | AM48: 7.345 | AN48: 5.621 | AO48: 5.224 | AP48: 6.263 | AQ48: 6.572 | AR48: 6.413 | AS48: 6.833 | AT48: 5.453 | AU48: =IF(D48="","",INDEX([1]DICCIONARIO!$G$21:$H$33,MATCH('DATA NIQ'!D48,[1]DICCIONARIO!$G$21:$G$33,0),2)) -> 3D
A49: TOTAL ARGENTINA - ING | B49: GUARNICIONES PARA COPETIN | C49: PEPSICO | D49: 3D | E49: 3D | F49: 21 A 40 | G49: Dist. Pond. Tiendas Handling | H49: =+A49&B49&C49&D49&E49&F49&G49 -> TOTAL ARGENTINA - INGGUARNICIONES PARA COPETINPEPSICO3D3D21 A 40Dist. Pond. Tiendas Handling | I49: 8.673 | J49: 8.224 | K49: 8.047 | L49: 7.722 | M49: 7.981 | N49: 8.566 | O49: 9.714 | P49: 8.322 | Q49: 9.422 | R49: 7.677 | S49: 8.057 | T49: 8.313 | U49: 8.096 | V49: 6.995 | W49: 8.624 | X49: 8.037 | Y49: 6.856 | Z49: 7.251 | AA49: 6.637 | AB49: 7.121 | AC49: 6.026 | AD49: 5.259 | AE49: 4.748 | AF49: 5.733 | AG49: 6.749 | AH49: 8.448 | AI49: 8.716 | AJ49: 8.61 | AK49: 7.02 | AL49: 8.55 | AM49: 8.821 | AN49: 7.517 | AO49: 6.742 | AP49: 7.916 | AQ49: 8.542 | AR49: 7.176 | AS49: 8.841 | AT49: 7.67 | AU49: =IF(D49="","",INDEX([1]DICCIONARIO!$G$21:$H$33,MATCH('DATA NIQ'!D49,[1]DICCIONARIO!$G$21:$G$33,0),2)) -> 3D
A50: TOTAL ARGENTINA - ING | B50: GUARNICIONES PARA COPETIN | C50: PEPSICO | D50: 3D | E50: 3D | F50: 21 A 40 | G50: Part. de Vtas (KILOS) - Product | H50: =+A50&B50&C50&D50&E50&F50&G50 -> TOTAL ARGENTINA - INGGUARNICIONES PARA COPETINPEPSICO3D3D21 A 40Part. de Vtas (KILOS) - Product | I50: 0.084 | J50: 0.073 | K50: 0.063 | L50: 0.07 | M50: 0.081 | N50: 0.076 | O50: 0.088 | P50: 0.067 | Q50: 0.07 | R50: 0.067 | S50: 0.071 | T50: 0.08 | U50: 0.08 | V50: 0.076 | W50: 0.071 | X50: 0.069 | Y50: 0.061 | Z50: 0.061 | AA50: 0.051 | AB50: 0.048 | AC50: 0.056 | AD50: 0.043 | AE50: 0.043 | AF50: 0.05 | AG50: 0.072 | AH50: 0.075 | AI50: 0.071 | AJ50: 0.073 | AK50: 0.06 | AL50: 0.097 | AM50: 0.075 | AN50: 0.049 | AO50: 0.039 | AP50: 0.058 | AQ50: 0.051 | AR50: 0.066 | AS50: 0.073 | AT50: 0.064 | AU50: =IF(D50="","",INDEX([1]DICCIONARIO!$G$21:$H$33,MATCH('DATA NIQ'!D50,[1]DICCIONARIO!$G$21:$G$33,0),2)) -> 3D
A51: TOTAL ARGENTINA - ING | B51: GUARNICIONES PARA COPETIN | C51: PEPSICO | D51: 3D | E51: 3D | F51: 21 A 40 | G51: Part. de Vtas Valor - Product | H51: =+A51&B51&C51&D51&E51&F51&G51 -> TOTAL ARGENTINA - INGGUARNICIONES PARA COPETINPEPSICO3D3D21 A 40Part. de Vtas Valor - Product | I51: 0.162 | J51: 0.137 | K51: 0.13 | L51: 0.134 | M51: 0.151 | N51: 0.14 | O51: 0.154 | P51: 0.118 | Q51: 0.136 | R51: 0.138 | S51: 0.141 | T51: 0.15 | U51: 0.151 | V51: 0.145 | W51: 0.141 | X51: 0.156 | Y51: 0.136 | Z51: 0.129 | AA51: 0.112 | AB51: 0.113 | AC51: 0.112 | AD51: 0.088 | AE51: 0.094 | AF51: 0.093 | AG51: 0.168 | AH51: 0.174 | AI51: 0.157 | AJ51: 0.154 | AK51: 0.125 | AL51: 0.205 | AM51: 0.161 | AN51: 0.12 | AO51: 0.099 | AP51: 0.149 | AQ51: 0.124 | AR51: 0.151 | AS51: 0.182 | AT51: 0.154 | AU51: =IF(D51="","",INDEX([1]DICCIONARIO!$G$21:$H$33,MATCH('DATA NIQ'!D51,[1]DICCIONARIO!$G$21:$G$33,0),2)) -> 3D
A52: TOTAL ARGENTINA - ING | B52: GUARNICIONES PARA COPETIN | C52: PEPSICO | D52: 3D | E52: 3D | F52: 41 A 60 | G52: Vtas (KILOS) | H52: =+A52&B52&C52&D52&E52&F52&G52 -> TOTAL ARGENTINA - INGGUARNICIONES PARA COPETINPEPSICO3D3D41 A 60Vtas (KILOS) | I52: 41631.382 | J52: 43121.771 | K52: 42887.749 | L52: 43268.07 | M52: 43213.414 | N52: 44864.612 | O52: 43668.741 | P52: 42565.221 | Q52: 47816.743 | R52: 40902.93 | S52: 41248.718 | T52: 39685.591 | U52: 37047.984 | V52: 32933.897 | W52: 36836.915 | X52: 36952.274 | Y52: 39736.759 | Z52: 39986.036 | AA52: 37964.411 | AB52: 33080.187 | AC52: 31689.672 | AD52: 28311.575 | AE52: 26766.098 | AF52: 23396.059 | AG52: 24205.941 | AH52: 23325.102 | AI52: 21943.091 | AJ52: 25217.918 | AK52: 28295.293 | AL52: 30122.946 | AM52: 28578.529 | AN52: 22214.983 | AO52: 23672.41 | AP52: 24751.991 | AQ52: 28810.714 | AR52: 28993.411 | AS52: 31385.807 | AT52: 27686.951 | AU52: =IF(D52="","",INDEX([1]DICCIONARIO!$G$21:$H$33,MATCH(D52,[1]DICCIONARIO!$G$21:$G$33,0),2)) -> 3D
A53: TOTAL ARGENTINA - ING | B53: GUARNICIONES PARA COPETIN | C53: PEPSICO | D53: 3D | E53: 3D | F53: 41 A 60 | G53: Compras (KILOS) | H53: =+A53&B53&C53&D53&E53&F53&G53 -> TOTAL ARGENTINA - INGGUARNICIONES PARA COPETINPEPSICO3D3D41 A 60Compras (KILOS) | I53: 42449.887 | J53: 41829.266 | K53: 41588.46 | L53: 43008.628 | M53: 42851.205 | N53: 44912.638 | O53: 41978.784 | P53: 44517.828 | Q53: 46076.086 | R53: 37890.864 | S53: 42037.335 | T53: 40310.849 | U53: 37135.79 | V53: 31664.155 | W53: 38872.364 | X53: 37143.812 | Y53: 36524.921 | Z53: 39710.391 | AA53: 35286.06 | AB53: 32192.096 | AC53: 30327.205 | AD53: 25192.155 | AE53: 27376.423 | AF53: 23009.442 | AG53: 23527.644 | AH53: 21577.409 | AI53: 24281.908 | AJ53: 25391.343 | AK53: 28618.039 | AL53: 27822.143 | AM53: 26720.296 | AN53: 16744.592 | AO53: 26037.482 | AP53: 24559.419 | AQ53: 23220.068 | AR53: 25605.657 | AS53: 27171.606 | AT53: 26310.036 | AU53: =IF(D53="","",INDEX([1]DICCIONARIO!$G$21:$H$33,MATCH(D53,[1]DICCIONARIO!$G$21:$G$33,0),2)) -> 3D
A54: TOTAL ARGENTINA - ING | B54: GUARNICIONES PARA COPETIN | C54: PEPSICO | D54: 3D | E54: 3D | F54: 41 A 60 | G54: Inventario (KILOS) | H54: =+A54&B54&C54&D54&E54&F54&G54 -> TOTAL ARGENTINA - INGGUARNICIONES PARA COPETINPEPSICO3D3D41 A 60Inventario (KILOS) | I54: 15056.626 | J54: 14530.721 | K54: 14273.738 | L54: 15243.365 | M54: 15935.309 | N54: 17166.867 | O54: 15925.209 | P54: 18167.524 | Q54: 16732.812 | R54: 13889.391 | S54: 15224.054 | T54: 16220.409 | U54: 15683.815 | V54: 14386.592 | W54: 17110.828 | X54: 17985.884 | Y54: 16380.94 | Z54: 17128.535 | AA54: 15515.666 | AB54: 15490.189 | AC54: 14585.182 | AD54: 12274.681 | AE54: 13059.266 | AF54: 12718.383 | AG54: 12023.936 | AH54: 9913.394 | AI54: 12210.624 | AJ54: 13169.616 | AK54: 14055.493 | AL54: 13404.283 | AM54: 13102.585 | AN54: 7208.489 | AO54: 9984.778 | AP54: 13183.036 | AQ54: 12503.506 | AR54: 12681.366 | AS54: 11142.683 | AT54: 11409.816 | AU54: =IF(D54="","",INDEX([1]DICCIONARIO!$G$21:$H$33,MATCH(D54,[1]DICCIONARIO!$G$21:$G$33,0),2)) -> 3D
A55: TOTAL ARGENTINA - ING | B55: GUARNICIONES PARA COPETIN | C55: PEPSICO | D55: 3D | E55: 3D | F55: 41 A 60 | G55: Vtas Valor | H55: =+A55&B55&C55&D55&E55&F55&G55 -> TOTAL ARGENTINA - INGGUARNICIONES PARA COPETINPEPSICO3D3D41 A 60Vtas Valor | I55: 1.2233638e+08 | J55: 1.3462395e+08 | K55: 1.4410555e+08 | L55: 1.5351544e+08 | M55: 1.6775218e+08 | N55: 1.8885306e+08 | O55: 1.9586437e+08 | P55: 2.118855e+08 | Q55: 2.5582099e+08 | R55: 2.3776599e+08 | S55: 2.5965263e+08 | T55: 2.6412534e+08 | U55: 2.7741622e+08 | V55: 2.6443228e+08 | W55: 3.1779764e+08 | X55: 3.6081974e+08 | Y55: 4.2856678e+08 | Z55: 4.8194373e+08 | AA55: 5.0135082e+08 | AB55: 5.2780036e+08 | AC55: 6.107e+08 | AD55: 6.6280764e+08 | AE55: 7.1656983e+08 | AF55: 6.95533e+08 | AG55: 7.7164577e+08 | AH55: 7.5243815e+08 | AI55: 7.4275726e+08 | AJ55: 8.6554628e+08 | AK55: 9.7066072e+08 | AL55: 1.035879e+09 | AM55: 9.918874e+08 | AN55: 7.9462367e+08 | AO55: 8.7349485e+08 | AP55: 9.2331399e+08 | AQ55: 1.0890427e+09 | AR55: 1.1319805e+09 | AS55: 1.1965053e+09 | AT55: 1.1042342e+09 | AU55: =IF(D55="","",INDEX([1]DICCIONARIO!$G$21:$H$33,MATCH(D55,[1]DICCIONARIO!$G$21:$G$33,0),2)) -> 3D
A56: TOTAL ARGENTINA - ING | B56: GUARNICIONES PARA COPETIN | C56: PEPSICO | D56: 3D | E56: 3D | F56: 41 A 60 | G56: Dist. Num. Tiendas Handling (C) | H56: =+A56&B56&C56&D56&E56&F56&G56 -> TOTAL ARGENTINA - INGGUARNICIONES PARA COPETINPEPSICO3D3D41 A 60Dist. Num. Tiendas Handling (C) | I56: 41.738 | J56: 42.028 | K56: 41.98 | L56: 44.015 | M56: 46.488 | N56: 45.358 | O56: 44.351 | P56: 43.667 | Q56: 42.782 | R56: 43.147 | S56: 44.587 | T56: 44.054 | U56: 45.459 | V56: 44.234 | W56: 46.19 | X56: 46.308 | Y56: 46.2 | Z56: 45.196 | AA56: 46.672 | AB56: 45.918 | AC56: 44.464 | AD56: 42.772 | AE56: 39.038 | AF56: 40.509 | AG56: 39.639 | AH56: 36.809 | AI56: 35.647 | AJ56: 38.102 | AK56: 40.259 | AL56: 40.581 | AM56: 41.127 | AN56: 33.677 | AO56: 36.105 | AP56: 37.411 | AQ56: 39.916 | AR56: 39.82 | AS56: 42.668 | AT56: 39.743 | AU56: =IF(D56="","",INDEX([1]DICCIONARIO!$G$21:$H$33,MATCH('DATA NIQ'!D56,[1]DICCIONARIO!$G$21:$G$33,0),2)) -> 3D
A57: TOTAL ARGENTINA - ING | B57: GUARNICIONES PARA COPETIN | C57: PEPSICO | D57: 3D | E57: 3D | F57: 41 A 60 | G57: Dist. Pond. Tiendas Handling | H57: =+A57&B57&C57&D57&E57&F57&G57 -> TOTAL ARGENTINA - INGGUARNICIONES PARA COPETINPEPSICO3D3D41 A 60Dist. Pond. Tiendas Handling | I57: 62.852 | J57: 64.818 | K57: 65.344 | L57: 65.129 | M57: 66.288 | N57: 66.019 | O57: 64.567 | P57: 64.146 | Q57: 62.573 | R57: 61.45 | S57: 62.24 | T57: 61.443 | U57: 58.395 | V57: 55.525 | W57: 59.716 | X57: 63.625 | Y57: 66.877 | Z57: 66.556 | AA57: 65.329 | AB57: 65.029 | AC57: 63.625 | AD57: 63.954 | AE57: 62.111 | AF57: 62.24 | AG57: 59.892 | AH57: 56.52 | AI57: 59.451 | AJ57: 61.963 | AK57: 62.108 | AL57: 61.821 | AM57: 61.685 | AN57: 48.024 | AO57: 53.06 | AP57: 62.844 | AQ57: 67.109 | AR57: 66.398 | AS57: 66.514 | AT57: 61.783 | AU57: =IF(D57="","",INDEX([1]DICCIONARIO!$G$21:$H$33,MATCH('DATA NIQ'!D57,[1]DICCIONARIO!$G$21:$G$33,0),2)) -> 3D
A58: TOTAL ARGENTINA - ING | B58: GUARNICIONES PARA COPETIN | C58: PEPSICO | D58: 3D | E58: 3D | F58: 41 A 60 | G58: Part. de Vtas (KILOS) - Product | H58: =+A58&B58&C58&D58&E58&F58&G58 -> TOTAL ARGENTINA - INGGUARNICIONES PARA COPETINPEPSICO3D3D41 A 60Part. de Vtas (KILOS) - Product | I58: 1.126 | J58: 1.138 | K58: 1.072 | L58: 1.083 | M58: 1.114 | N58: 1.074 | O58: 1.056 | P58: 0.839 | Q58: 0.964 | R58: 1.009 | S58: 0.995 | T58: 1.041 | U58: 0.988 | V58: 0.906 | W58: 0.953 | X58: 0.969 | Y58: 1.039 | Z58: 0.988 | AA58: 0.969 | AB58: 0.765 | AC58: 0.809 | AD58: 0.871 | AE58: 0.835 | AF58: 0.762 | AG58: 0.782 | AH58: 0.763 | AI58: 0.63 | AJ58: 0.777 | AK58: 0.888 | AL58: 0.866 | AM58: 0.837 | AN58: 0.53 | AO58: 0.564 | AP58: 0.679 | AQ58: 0.757 | AR58: 0.795 | AS58: 0.861 | AT58: 0.77 | AU58: =IF(D58="","",INDEX([1]DICCIONARIO!$G$21:$H$33,MATCH('DATA NIQ'!D58,[1]DICCIONARIO!$G$21:$G$33,0),2)) -> 3D
A59: TOTAL ARGENTINA - ING | B59: GUARNICIONES PARA COPETIN | C59: PEPSICO | D59: 3D | E59: 3D | F59: 41 A 60 | G59: Part. de Vtas Valor - Product | H59: =+A59&B59&C59&D59&E59&F59&G59 -> TOTAL ARGENTINA - INGGUARNICIONES PARA COPETINPEPSICO3D3D41 A 60Part. de Vtas Valor - Product | I59: 1.784 | J59: 1.846 | K59: 1.77 | L59: 1.737 | M59: 1.847 | N59: 1.806 | O59: 1.736 | P59: 1.494 | Q59: 1.686 | R59: 1.733 | S59: 1.726 | T59: 1.776 | U59: 1.768 | V59: 1.653 | W59: 1.749 | X59: 1.785 | Y59: 1.826 | Z59: 1.732 | AA59: 1.7 | AB59: 1.45 | AC59: 1.424 | AD59: 1.513 | AE59: 1.531 | AF59: 1.47 | AG59: 1.507 | AH59: 1.444 | AI59: 1.208 | AJ59: 1.443 | AK59: 1.579 | AL59: 1.515 | AM59: 1.456 | AN59: 0.979 | AO59: 1.032 | AP59: 1.179 | AQ59: 1.306 | AR59: 1.384 | AS59: 1.432 | AT59: 1.341 | AU59: =IF(D59="","",INDEX([1]DICCIONARIO!$G$21:$H$33,MATCH('DATA NIQ'!D59,[1]DICCIONARIO!$G$21:$G$33,0),2)) -> 3D
A60: TOTAL ARGENTINA - ING | B60: GUARNICIONES PARA COPETIN | C60: PEPSICO | D60: 3D | E60: 3D | F60: 61 A 120 | G60: Vtas (KILOS) | H60: =+A60&B60&C60&D60&E60&F60&G60 -> TOTAL ARGENTINA - INGGUARNICIONES PARA COPETINPEPSICO3D3D61 A 120Vtas (KILOS) | I60: 81746.263 | J60: 79590.249 | K60: 77967.572 | L60: 83038.082 | M60: 78878.067 | N60: 80737.024 | O60: 81344.519 | P60: 93807.758 | Q60: 103096.35 | R60: 84684.298 | S60: 89776.063 | T60: 73678.951 | U60: 66325.049 | V60: 62614.175 | W60: 70577.192 | X60: 66694.836 | Y60: 66949.803 | Z60: 70823.116 | AA60: 58537.828 | AB60: 56732.779 | AC60: 67711.969 | AD60: 51007.289 | AE60: 48707.073 | AF60: 44587.868 | AG60: 41344.143 | AH60: 35858.779 | AI60: 39995.653 | AJ60: 41049.365 | AK60: 45327.1 | AL60: 49682.983 | AM60: 35820.845 | AN60: 23242.414 | AO60: 40307.834 | AP60: 47186.849 | AQ60: 50243.851 | AR60: 49911.494 | AS60: 48859.187 | AT60: 45623.809 | AU60: =IF(D60="","",INDEX([1]DICCIONARIO!$G$21:$H$33,MATCH(D60,[1]DICCIONARIO!$G$21:$G$33,0),2)) -> 3D
A61: TOTAL ARGENTINA - ING | B61: GUARNICIONES PARA COPETIN | C61: PEPSICO | D61: 3D | E61: 3D | F61: 61 A 120 | G61: Compras (KILOS) | H61: =+A61&B61&C61&D61&E61&F61&G61 -> TOTAL ARGENTINA - INGGUARNICIONES PARA COPETINPEPSICO3D3D61 A 120Compras (KILOS) | I61: 78043.417 | J61: 75582.585 | K61: 75703.27 | L61: 78053.655 | M61: 71047.215 | N61: 81154.202 | O61: 85281.88 | P61: 92804.813 | Q61: 101063.67 | R61: 75045.316 | S61: 86439.162 | T61: 72372.972 | U61: 61970.59 | V61: 62225.448 | W61: 62211.899 | X61: 60074.713 | Y61: 54402.139 | Z61: 64967.16 | AA61: 52771.635 | AB61: 55571.942 | AC61: 59766.316 | AD61: 46200.425 | AE61: 47411.369 | AF61: 40017.387 | AG61: 37537.988 | AH61: 38483.486 | AI61: 39705.813 | AJ61: 42164.669 | AK61: 46746.527 | AL61: 45177.333 | AM61: 29936.489 | AN61: 19605.744 | AO61: 45204.66 | AP61: 44104.083 | AQ61: 44521.635 | AR61: 44749.543 | AS61: 40527.571 | AT61: 40886.509 | AU61: =IF(D61="","",INDEX([1]DICCIONARIO!$G$21:$H$33,MATCH(D61,[1]DICCIONARIO!$G$21:$G$33,0),2)) -> 3D
A62: TOTAL ARGENTINA - ING | B62: GUARNICIONES PARA COPETIN | C62: PEPSICO | D62: 3D | E62: 3D | F62: 61 A 120 | G62: Inventario (KILOS) | H62: =+A62&B62&C62&D62&E62&F62&G62 -> TOTAL ARGENTINA - INGGUARNICIONES PARA COPETINPEPSICO3D3D61 A 120Inventario (KILOS) | I62: 26257.648 | J62: 26320.529 | K62: 28832.863 | L62: 29013.776 | M62: 27183.421 | N62: 30564.175 | O62: 33675.003 | P62: 34834.807 | Q62: 35469.496 | R62: 28712.091 | S62: 29485.461 | T62: 32065.445 | U62: 28372.733 | V62: 29882.76 | W62: 27002.679 | X62: 28093.31 | Y62: 25934.927 | Z62: 29811.535 | AA62: 27021.789 | AB62: 27869.446 | AC62: 24812.764 | AD62: 23034.401 | AE62: 23930.775 | AF62: 21110.934 | AG62: 18629.618 | AH62: 19232.464 | AI62: 17543.69 | AJ62: 19811.66 | AK62: 22340.81 | AL62: 20533.771 | AM62: 15578.066 | AN62: 9552.163 | AO62: 17909.548 | AP62: 20368.081 | AQ62: 21988.017 | AR62: 22428.056 | AS62: 19202.764 | AT62: 18599.569 | AU62: =IF(D62="","",INDEX([1]DICCIONARIO!$G$21:$H$33,MATCH(D62,[1]DICCIONARIO!$G$21:$G$33,0),2)) -> 3D
A63: TOTAL ARGENTINA - ING | B63: GUARNICIONES PARA COPETIN | C63: PEPSICO | D63: 3D | E63: 3D | F63: 61 A 120 | G63: Vtas Valor | H63: =+A63&B63&C63&D63&E63&F63&G63 -> TOTAL ARGENTINA - INGGUARNICIONES PARA COPETINPEPSICO3D3D61 A 120Vtas Valor | I63: 2.1988154e+08 | J63: 2.2863495e+08 | K63: 2.3722517e+08 | L63: 2.708445e+08 | M63: 2.7286612e+08 | N63: 3.0328565e+08 | O63: 3.3107538e+08 | P63: 4.0592742e+08 | Q63: 4.8757345e+08 | R63: 4.352653e+08 | S63: 4.8594988e+08 | T63: 4.2577675e+08 | U63: 4.19014e+08 | V63: 4.2717327e+08 | W63: 4.9524039e+08 | X63: 5.2695509e+08 | Y63: 5.9151473e+08 | Z63: 6.957565e+08 | AA63: 6.8522842e+08 | AB63: 8.0260025e+08 | AC63: 1.0938298e+09 | AD63: 9.9499237e+08 | AE63: 1.0562596e+09 | AF63: 1.0221285e+09 | AG63: 1.026244e+09 | AH63: 9.5601053e+08 | AI63: 1.0950515e+09 | AJ63: 1.1548381e+09 | AK63: 1.2790381e+09 | AL63: 1.4281025e+09 | AM63: 1.0340434e+09 | AN63: 6.7323737e+08 | AO63: 1.2338154e+09 | AP63: 1.4407281e+09 | AQ63: 1.5755718e+09 | AR63: 1.5999359e+09 | AS63: 1.624448e+09 | AT63: 1.5185236e+09 | AU63: =IF(D63="","",INDEX([1]DICCIONARIO!$G$21:$H$33,MATCH(D63,[1]DICCIONARIO!$G$21:$G$33,0),2)) -> 3D
A64: TOTAL ARGENTINA - ING | B64: GUARNICIONES PARA COPETIN | C64: PEPSICO | D64: 3D | E64: 3D | F64: 61 A 120 | G64: Dist. Num. Tiendas Handling (C) | H64: =+A64&B64&C64&D64&E64&F64&G64 -> TOTAL ARGENTINA - INGGUARNICIONES PARA COPETINPEPSICO3D3D61 A 120Dist. Num. Tiendas Handling (C) | I64: 43.217 | J64: 42.589 | K64: 43.357 | L64: 44.012 | M64: 44.837 | N64: 45.699 | O64: 44.649 | P64: 44.292 | Q64: 44.45 | R64: 43.204 | S64: 42.469 | T64: 43.365 | U64: 42.352 | V64: 40.915 | W64: 40.313 | X64: 39.453 | Y64: 38.708 | Z64: 39.875 | AA64: 38.169 | AB64: 39.524 | AC64: 38.936 | AD64: 36.203 | AE64: 34.938 | AF64: 33.485 | AG64: 33.496 | AH64: 30.752 | AI64: 29.966 | AJ64: 32.786 | AK64: 35.623 | AL64: 35.228 | AM64: 30.764 | AN64: 24.166 | AO64: 29.942 | AP64: 35.165 | AQ64: 35.46 | AR64: 36.804 | AS64: 37.934 | AT64: 36.217 | AU64: =IF(D64="","",INDEX([1]DICCIONARIO!$G$21:$H$33,MATCH('DATA NIQ'!D64,[1]DICCIONARIO!$G$21:$G$33,0),2)) -> 3D
A65: TOTAL ARGENTINA - ING | B65: GUARNICIONES PARA COPETIN | C65: PEPSICO | D65: 3D | E65: 3D | F65: 61 A 120 | G65: Dist. Pond. Tiendas Handling | H65: =+A65&B65&C65&D65&E65&F65&G65 -> TOTAL ARGENTINA - INGGUARNICIONES PARA COPETINPEPSICO3D3D61 A 120Dist. Pond. Tiendas Handling | I65: 78.3 | J65: 77.371 | K65: 79.102 | L65: 79.17 | M65: 78.985 | N65: 77.678 | O65: 70.433 | P65: 75.442 | Q65: 78.346 | R65: 77.019 | S65: 75.367 | T65: 75.051 | U65: 69.258 | V65: 70.292 | W65: 74.061 | X65: 73.427 | Y65: 74.931 | Z65: 74.007 | AA65: 68.153 | AB65: 71.553 | AC65: 72.814 | AD65: 71.621 | AE65: 71.774 | AF65: 71.675 | AG65: 65.984 | AH65: 60.51 | AI65: 61.205 | AJ65: 66.811 | AK65: 67.875 | AL65: 65.771 | AM65: 58.883 | AN65: 43.139 | AO65: 59.842 | AP65: 65.524 | AQ65: 65.632 | AR65: 67.141 | AS65: 68.084 | AT65: 65.05 | AU65: =IF(D65="","",INDEX([1]DICCIONARIO!$G$21:$H$33,MATCH('DATA NIQ'!D65,[1]DICCIONARIO!$G$21:$G$33,0),2)) -> 3D
A66: TOTAL ARGENTINA - ING | B66: GUARNICIONES PARA COPETIN | C66: PEPSICO | D66: 3D | E66: 3D | F66: 61 A 120 | G66: Part. de Vtas (KILOS) - Product | H66: =+A66&B66&C66&D66&E66&F66&G66 -> TOTAL ARGENTINA - INGGUARNICIONES PARA COPETINPEPSICO3D3D61 A 120Part. de Vtas (KILOS) - Product | I66: 2.211 | J66: 2.101 | K66: 1.949 | L66: 2.079 | M66: 2.034 | N66: 1.933 | O66: 1.967 | P66: 1.849 | Q66: 2.079 | R66: 2.088 | S66: 2.165 | T66: 1.933 | U66: 1.768 | V66: 1.723 | W66: 1.826 | X66: 1.748 | Y66: 1.751 | Z66: 1.751 | AA66: 1.494 | AB66: 1.311 | AC66: 1.728 | AD66: 1.569 | AE66: 1.519 | AF66: 1.452 | AG66: 1.336 | AH66: 1.174 | AI66: 1.148 | AJ66: 1.266 | AK66: 1.422 | AL66: 1.427 | AM66: 1.05 | AN66: 0.554 | AO66: 0.96 | AP66: 1.294 | AQ66: 1.321 | AR66: 1.368 | AS66: 1.34 | AT66: 1.269 | AU66: =IF(D66="","",INDEX([1]DICCIONARIO!$G$21:$H$33,MATCH('DATA NIQ'!D66,[1]DICCIONARIO!$G$21:$G$33,0),2)) -> 3D
A67: TOTAL ARGENTINA - ING | B67: GUARNICIONES PARA COPETIN | C67: PEPSICO | D67: 3D | E67: 3D | F67: 61 A 120 | G67: Part. de Vtas Valor - Product | H67: =+A67&B67&C67&D67&E67&F67&G67 -> TOTAL ARGENTINA - INGGUARNICIONES PARA COPETINPEPSICO3D3D61 A 120Part. de Vtas Valor - Product | I67: 3.207 | J67: 3.135 | K67: 2.914 | L67: 3.064 | M67: 3.004 | N67: 2.9 | O67: 2.935 | P67: 2.861 | Q67: 3.213 | R67: 3.172 | S67: 3.231 | T67: 2.863 | U67: 2.67 | V67: 2.671 | W67: 2.726 | X67: 2.607 | Y67: 2.52 | Z67: 2.5 | AA67: 2.323 | AB67: 2.205 | AC67: 2.55 | AD67: 2.272 | AE67: 2.257 | AF67: 2.161 | AG67: 2.005 | AH67: 1.834 | AI67: 1.781 | AJ67: 1.925 | AK67: 2.081 | AL67: 2.089 | AM67: 1.518 | AN67: 0.829 | AO67: 1.457 | AP67: 1.84 | AQ67: 1.889 | AR67: 1.957 | AS67: 1.944 | AT67: 1.843 | AU67: =IF(D67="","",INDEX([1]DICCIONARIO!$G$21:$H$33,MATCH('DATA NIQ'!D67,[1]DICCIONARIO!$G$21:$G$33,0),2)) -> 3D
A68: TOTAL ARGENTINA - ING | B68: GUARNICIONES PARA COPETIN | C68: PEPSICO | D68: CHEETOS | G68: Vtas (KILOS) | H68: =+A68&B68&C68&D68&E68&F68&G68 -> TOTAL ARGENTINA - INGGUARNICIONES PARA COPETINPEPSICOCHEETOSVtas (KILOS) | I68: 171461.97 | J68: 162682.3 | K68: 178148.27 | L68: 182957.69 | M68: 182083.62 | N68: 192037 | O68: 193941.62 | P68: 210564.16 | Q68: 230829.51 | R68: 189731.4 | S68: 179888.55 | T68: 167435.58 | U68: 167809.29 | V68: 162133.59 | W68: 170045.3 | X68: 157916.91 | Y68: 160806.64 | Z68: 159660.74 | AA68: 137616.43 | AB68: 120952.42 | AC68: 127574.37 | AD68: 114865.85 | AE68: 115269.74 | AF68: 118567.69 | AG68: 112206.33 | AH68: 104338.58 | AI68: 117760.68 | AJ68: 111714.09 | AK68: 117914.16 | AL68: 131385.76 | AM68: 126281.6 | AN68: 144630.12 | AO68: 152264.93 | AP68: 139852.88 | AQ68: 145281.94 | AR68: 139093.51 | AS68: 134948.61 | AT68: 132034.95 | AU68: =IF(D68="","",INDEX([1]DICCIONARIO!$G$21:$H$33,MATCH(D68,[1]DICCIONARIO!$G$21:$G$33,0),2)) -> CHEETOS
A69: TOTAL ARGENTINA - ING | B69: GUARNICIONES PARA COPETIN | C69: PEPSICO | D69: CHEETOS | G69: Compras (KILOS) | H69: =+A69&B69&C69&D69&E69&F69&G69 -> TOTAL ARGENTINA - INGGUARNICIONES PARA COPETINPEPSICOCHEETOSCompras (KILOS) | I69: 151528.98 | J69: 151438.71 | K69: 162285 | L69: 163605.36 | M69: 159777.14 | N69: 182508.61 | O69: 174991.84 | P69: 197891.55 | Q69: 210357.64 | R69: 167854.33 | S69: 169182.28 | T69: 155572.75 | U69: 155049.37 | V69: 145858.34 | W69: 158043.73 | X69: 142262.79 | Y69: 133306.85 | Z69: 143667.97 | AA69: 126841.53 | AB69: 117440.35 | AC69: 118594.16 | AD69: 101412.25 | AE69: 114706.42 | AF69: 107289.69 | AG69: 101249.4 | AH69: 97408.291 | AI69: 112546.84 | AJ69: 105071.17 | AK69: 114924.77 | AL69: 126543.26 | AM69: 98246.761 | AN69: 114261.13 | AO69: 122046.73 | AP69: 112465.85 | AQ69: 116741.05 | AR69: 105405.7 | AS69: 108297.96 | AT69: 102292.64 | AU69: =IF(D69="","",INDEX([1]DICCIONARIO!$G$21:$H$33,MATCH(D69,[1]DICCIONARIO!$G$21:$G$33,0),2)) -> CHEETOS
A70: TOTAL ARGENTINA - ING | B70: GUARNICIONES PARA COPETIN | C70: PEPSICO | D70: CHEETOS | G70: Inventario (KILOS) | H70: =+A70&B70&C70&D70&E70&F70&G70 -> TOTAL ARGENTINA - INGGUARNICIONES PARA COPETINPEPSICOCHEETOSInventario (KILOS) | I70: 51414.847 | J70: 55280.02 | K70: 54037.311 | L70: 56771.924 | M70: 56617.243 | N70: 66928.361 | O70: 61135.377 | P70: 71437.741 | Q70: 71432.475 | R70: 59951.517 | S70: 59762.375 | T70: 59230.376 | U70: 59493.962 | V70: 57673.726 | W70: 58822.685 | X70: 60584.567 | Y70: 56487.891 | Z70: 58409.596 | AA70: 55421.188 | AB70: 56172.257 | AC70: 54030.235 | AD70: 49779.08 | AE70: 56224.536 | AF70: 53782.347 | AG70: 49947.268 | AH70: 46926.302 | AI70: 52715.23 | AJ70: 50591.496 | AK70: 52971.443 | AL70: 62057.049 | AM70: 54592.446 | AN70: 56099.708 | AO70: 57073.129 | AP70: 55839.15 | AQ70: 56820.101 | AR70: 51623.143 | AS70: 52696.304 | AT70: 47141.103 | AU70: =IF(D70="","",INDEX([1]DICCIONARIO!$G$21:$H$33,MATCH(D70,[1]DICCIONARIO!$G$21:$G$33,0),2)) -> CHEETOS
A71: TOTAL ARGENTINA - ING | B71: GUARNICIONES PARA COPETIN | C71: PEPSICO | D71: CHEETOS | G71: Vtas Valor | H71: =+A71&B71&C71&D71&E71&F71&G71 -> TOTAL ARGENTINA - INGGUARNICIONES PARA COPETINPEPSICOCHEETOSVtas Valor | I71: 4.2639832e+08 | J71: 4.3235471e+08 | K71: 5.0220148e+08 | L71: 5.5185376e+08 | M71: 5.7889364e+08 | N71: 6.6114278e+08 | O71: 7.2935972e+08 | P71: 8.6492886e+08 | Q71: 1.0243028e+09 | R71: 9.2799081e+08 | S71: 9.4109397e+08 | T71: 9.3930457e+08 | U71: 1.0161584e+09 | V71: 1.031131e+09 | W71: 1.147779e+09 | X71: 1.2049671e+09 | Y71: 1.3799344e+09 | Z71: 1.5151638e+09 | AA71: 1.4682394e+09 | AB71: 1.5879913e+09 | AC71: 2.1520229e+09 | AD71: 2.3802314e+09 | AE71: 2.7286501e+09 | AF71: 2.9182867e+09 | AG71: 3.0669924e+09 | AH71: 2.9421221e+09 | AI71: 3.3699831e+09 | AJ71: 3.3227064e+09 | AK71: 3.5649616e+09 | AL71: 4.0306951e+09 | AM71: 3.8998432e+09 | AN71: 4.4706108e+09 | AO71: 4.8263726e+09 | AP71: 4.5142338e+09 | AQ71: 4.7442628e+09 | AR71: 4.5767617e+09 | AS71: 4.4936642e+09 | AT71: 4.4887742e+09 | AU71: =IF(D71="","",INDEX([1]DICCIONARIO!$G$21:$H$33,MATCH(D71,[1]DICCIONARIO!$G$21:$G$33,0),2)) -> CHEETOS
A72: TOTAL ARGENTINA - ING | B72: GUARNICIONES PARA COPETIN | C72: PEPSICO | D72: CHEETOS | G72: Dist. Num. Tiendas Handling (C) | H72: =+A72&B72&C72&D72&E72&F72&G72 -> TOTAL ARGENTINA - INGGUARNICIONES PARA COPETINPEPSICOCHEETOSDist. Num. Tiendas Handling (C) | I72: 50.142 | J72: 50.934 | K72: 50.574 | L72: 51.216 | M72: 54.264 | N72: 54.389 | O72: 53.193 | P72: 51.478 | Q72: 51.44 | R72: 51.047 | S72: 52.949 | T72: 51.774 | U72: 52.65 | V72: 50.71 | W72: 51.143 | X72: 51.462 | Y72: 52.055 | Z72: 50.266 | AA72: 49.933 | AB72: 49.421 | AC72: 49.119 | AD72: 49.078 | AE72: 47.974 | AF72: 50.151 | AG72: 51.68 | AH72: 50.135 | AI72: 48.771 | AJ72: 48.963 | AK72: 49.358 | AL72: 51.374 | AM72: 51.687 | AN72: 51.771 | AO72: 52.01 | AP72: 51.454 | AQ72: 53.162 | AR72: 52.191 | AS72: 54.237 | AT72: 54.807 | AU72: =IF(D72="","",INDEX([1]DICCIONARIO!$G$21:$H$33,MATCH('DATA NIQ'!D72,[1]DICCIONARIO!$G$21:$G$33,0),2)) -> CHEETOS
A73: TOTAL ARGENTINA - ING | B73: GUARNICIONES PARA COPETIN | C73: PEPSICO | D73: CHEETOS | G73: Dist. Pond. Tiendas Handling | H73: =+A73&B73&C73&D73&E73&F73&G73 -> TOTAL ARGENTINA - INGGUARNICIONES PARA COPETINPEPSICOCHEETOSDist. Pond. Tiendas Handling | I73: 82.023 | J73: 82.639 | K73: 83.217 | L73: 83.806 | M73: 84.796 | N73: 84.944 | O73: 85.469 | P73: 86.696 | Q73: 86.041 | R73: 85.653 | S73: 85.828 | T73: 86.139 | U73: 85.888 | V73: 84.84 | W73: 84.224 | X73: 83.947 | Y73: 84.68 | Z73: 83.662 | AA73: 83.492 | AB73: 82.615 | AC73: 81.978 | AD73: 83.619 | AE73: 83.622 | AF73: 83.999 | AG73: 80.642 | AH73: 78.437 | AI73: 82.059 | AJ73: 81.855 | AK73: 81.526 | AL73: 82.039 | AM73: 83.047 | AN73: 84.691 | AO73: 84.7 | AP73: 84.082 | AQ73: 85.025 | AR73: 84.803 | AS73: 84.634 | AT73: 84.264 | AU73: =IF(D73="","",INDEX([1]DICCIONARIO!$G$21:$H$33,MATCH('DATA NIQ'!D73,[1]DICCIONARIO!$G$21:$G$33,0),2)) -> CHEETOS
A74: TOTAL ARGENTINA - ING | B74: GUARNICIONES PARA COPETIN | C74: PEPSICO | D74: CHEETOS | G74: Part. de Vtas (KILOS) - Product | H74: =+A74&B74&C74&D74&E74&F74&G74 -> TOTAL ARGENTINA - INGGUARNICIONES PARA COPETINPEPSICOCHEETOSPart. de Vtas (KILOS) - Product | I74: 4.637 | J74: 4.295 | K74: 4.452 | L74: 4.581 | M74: 4.695 | N74: 4.598 | O74: 4.689 | P74: 4.151 | Q74: 4.656 | R74: 4.678 | S74: 4.337 | T74: 4.393 | U74: 4.474 | V74: 4.463 | W74: 4.4 | X74: 4.14 | Y74: 4.205 | Z74: 3.947 | AA74: 3.513 | AB74: 2.796 | AC74: 3.256 | AD74: 3.533 | AE74: 3.594 | AF74: 3.861 | AG74: 3.627 | AH74: 3.415 | AI74: 3.379 | AJ74: 3.444 | AK74: 3.699 | AL74: 3.775 | AM74: 3.7 | AN74: 3.449 | AO74: 3.628 | AP74: 3.837 | AQ74: 3.819 | AR74: 3.813 | AS74: 3.702 | AT74: 3.672 | AU74: =IF(D74="","",INDEX([1]DICCIONARIO!$G$21:$H$33,MATCH('DATA NIQ'!D74,[1]DICCIONARIO!$G$21:$G$33,0),2)) -> CHEETOS
A75: TOTAL ARGENTINA - ING | B75: GUARNICIONES PARA COPETIN | C75: PEPSICO | D75: CHEETOS | G75: Part. de Vtas Valor - Product | H75: =+A75&B75&C75&D75&E75&F75&G75 -> TOTAL ARGENTINA - INGGUARNICIONES PARA COPETINPEPSICOCHEETOSPart. de Vtas Valor - Product | I75: 6.218 | J75: 5.927 | K75: 6.17 | L75: 6.243 | M75: 6.373 | N75: 6.321 | O75: 6.466 | P75: 6.096 | Q75: 6.75 | R75: 6.763 | S75: 6.256 | T75: 6.316 | U75: 6.476 | V75: 6.447 | W75: 6.317 | X75: 5.961 | Y75: 5.879 | Z75: 5.445 | AA75: 4.978 | AB75: 4.362 | AC75: 5.018 | AD75: 5.434 | AE75: 5.83 | AF75: 6.17 | AG75: 5.991 | AH75: 5.645 | AI75: 5.481 | AJ75: 5.54 | AK75: 5.799 | AL75: 5.896 | AM75: 5.727 | AN75: 5.507 | AO75: 5.7 | AP75: 5.765 | AQ75: 5.689 | AR75: 5.597 | AS75: 5.378 | AT75: 5.449 | AU75: =IF(D75="","",INDEX([1]DICCIONARIO!$G$21:$H$33,MATCH('DATA NIQ'!D75,[1]DICCIONARIO!$G$21:$G$33,0),2)) -> CHEETOS
A76: TOTAL ARGENTINA - ING | B76: GUARNICIONES PARA COPETIN | C76: PEPSICO | D76: CHEETOS | E76: CHEETOS | G76: Vtas (KILOS) | H76: =+A76&B76&C76&D76&E76&F76&G76 -> TOTAL ARGENTINA - INGGUARNICIONES PARA COPETINPEPSICOCHEETOSCHEETOSVtas (KILOS) | I76: 171461.96 | J76: 162682.3 | K76: 178148.27 | L76: 182957.69 | M76: 182063.06 | N76: 192037 | O76: 193941.62 | P76: 210564.16 | Q76: 230829.51 | R76: 189731.4 | S76: 179888.55 | T76: 167435.58 | U76: 167708.5 | V76: 162060.75 | W76: 169935.96 | X76: 157915.65 | Y76: 160802.93 | Z76: 159660.1 | AA76: 137613.45 | AB76: 120951.93 | AC76: 127574.37 | AD76: 114863.74 | AE76: 115269.74 | AF76: 118567.69 | AG76: 112205.63 | AH76: 104336.42 | AI76: 117756.5 | AJ76: 111709.63 | AK76: 117910.79 | AL76: 131382.93 | AM76: 126281.6 | AN76: 144629.01 | AO76: 152263.89 | AP76: 139851.71 | AQ76: 145281.94 | AR76: 139093.51 | AS76: 134948.61 | AT76: 132033.67 | AU76: =IF(D76="","",INDEX([1]DICCIONARIO!$G$21:$H$33,MATCH(D76,[1]DICCIONARIO!$G$21:$G$33,0),2)) -> CHEETOS
A77: TOTAL ARGENTINA - ING | B77: GUARNICIONES PARA COPETIN | C77: PEPSICO | D77: CHEETOS | E77: CHEETOS | G77: Compras (KILOS) | H77: =+A77&B77&C77&D77&E77&F77&G77 -> TOTAL ARGENTINA - INGGUARNICIONES PARA COPETINPEPSICOCHEETOSCHEETOSCompras (KILOS) | I77: 151528.96 | J77: 151438.71 | K77: 162285 | L77: 163605.36 | M77: 159726.84 | N77: 182508.61 | O77: 174991.84 | P77: 197891.55 | Q77: 210357.64 | R77: 167854.33 | S77: 169182.28 | T77: 155572.75 | U77: 154910.74 | V77: 145783.24 | W77: 157958.14 | X77: 142261.64 | Y77: 133301.25 | Z77: 143667.84 | AA77: 126837.24 | AB77: 117440.35 | AC77: 118594.16 | AD77: 101407.45 | AE77: 114706.42 | AF77: 107289.69 | AG77: 101247.99 | AH77: 97403.533 | AI77: 112541.1 | AJ77: 105066.99 | AK77: 114920.86 | AL77: 126540.47 | AM77: 98246.761 | AN77: 114258.12 | AO77: 122045.69 | AP77: 112464.64 | AQ77: 116741.05 | AR77: 105405.7 | AS77: 108297.96 | AT77: 102289.48 | AU77: =IF(D77="","",INDEX([1]DICCIONARIO!$G$21:$H$33,MATCH(D77,[1]DICCIONARIO!$G$21:$G$33,0),2)) -> CHEETOS
A78: TOTAL ARGENTINA - ING | B78: GUARNICIONES PARA COPETIN | C78: PEPSICO | D78: CHEETOS | E78: CHEETOS | G78: Inventario (KILOS) | H78: =+A78&B78&C78&D78&E78&F78&G78 -> TOTAL ARGENTINA - INGGUARNICIONES PARA COPETINPEPSICOCHEETOSCHEETOSInventario (KILOS) | I78: 51414.791 | J78: 55280.02 | K78: 54037.311 | L78: 56771.924 | M78: 56587.502 | N78: 66928.361 | O78: 61135.377 | P78: 71437.741 | Q78: 71432.475 | R78: 59951.517 | S78: 59762.375 | T78: 59230.376 | U78: 59456.128 | V78: 57645.598 | W78: 58821.353 | X78: 60583.35 | Y78: 56484.769 | Z78: 58408.609 | AA78: 55418.931 | AB78: 56171.444 | AC78: 54030.235 | AD78: 49776.389 | AE78: 56224.536 | AF78: 53782.347 | AG78: 49946.56 | AH78: 46923.7 | AI78: 52711.068 | AJ78: 50587.602 | AK78: 52966.933 | AL78: 62053.586 | AM78: 54592.446 | AN78: 56097.735 | AO78: 57071.157 | AP78: 55837.142 | AQ78: 56820.101 | AR78: 51623.143 | AS78: 52696.304 | AT78: 47139.233 | AU78: =IF(D78="","",INDEX([1]DICCIONARIO!$G$21:$H$33,MATCH(D78,[1]DICCIONARIO!$G$21:$G$33,0),2)) -> CHEETOS
A79: TOTAL ARGENTINA - ING | B79: GUARNICIONES PARA COPETIN | C79: PEPSICO | D79: CHEETOS | E79: CHEETOS | G79: Vtas Valor | H79: =+A79&B79&C79&D79&E79&F79&G79 -> TOTAL ARGENTINA - INGGUARNICIONES PARA COPETINPEPSICOCHEETOSCHEETOSVtas Valor | I79: 4.2639832e+08 | J79: 4.3235471e+08 | K79: 5.0220148e+08 | L79: 5.5185376e+08 | M79: 5.7881227e+08 | N79: 6.6114278e+08 | O79: 7.2935972e+08 | P79: 8.6492886e+08 | Q79: 1.0243028e+09 | R79: 9.2799081e+08 | S79: 9.4109397e+08 | T79: 9.3930457e+08 | U79: 1.0153381e+09 | V79: 1.0305477e+09 | W79: 1.146889e+09 | X79: 1.2049559e+09 | Y79: 1.3799095e+09 | Z79: 1.5151564e+09 | AA79: 1.4681999e+09 | AB79: 1.5879833e+09 | AC79: 2.1520229e+09 | AD79: 2.3802307e+09 | AE79: 2.7286501e+09 | AF79: 2.9182867e+09 | AG79: 3.0669713e+09 | AH79: 2.9421214e+09 | AI79: 3.3699816e+09 | AJ79: 3.3227048e+09 | AK79: 3.564953e+09 | AL79: 4.0306941e+09 | AM79: 3.8998432e+09 | AN79: 4.4706104e+09 | AO79: 4.8263449e+09 | AP79: 4.5142333e+09 | AQ79: 4.7442628e+09 | AR79: 4.5767617e+09 | AS79: 4.4936642e+09 | AT79: 4.4887371e+09 | AU79: =IF(D79="","",INDEX([1]DICCIONARIO!$G$21:$H$33,MATCH(D79,[1]DICCIONARIO!$G$21:$G$33,0),2)) -> CHEETOS
A80: TOTAL ARGENTINA - ING | B80: GUARNICIONES PARA COPETIN | C80: PEPSICO | D80: CHEETOS | E80: CHEETOS | G80: Dist. Num. Tiendas Handling (C) | H80: =+A80&B80&C80&D80&E80&F80&G80 -> TOTAL ARGENTINA - INGGUARNICIONES PARA COPETINPEPSICOCHEETOSCHEETOSDist. Num. Tiendas Handling (C) | I80: 50.142 | J80: 50.934 | K80: 50.574 | L80: 51.216 | M80: 54.264 | N80: 54.389 | O80: 53.193 | P80: 51.478 | Q80: 51.44 | R80: 51.047 | S80: 52.949 | T80: 51.774 | U80: 52.65 | V80: 50.71 | W80: 51.143 | X80: 51.462 | Y80: 52.055 | Z80: 50.266 | AA80: 49.933 | AB80: 49.421 | AC80: 49.119 | AD80: 49.078 | AE80: 47.974 | AF80: 50.151 | AG80: 51.68 | AH80: 50.135 | AI80: 48.771 | AJ80: 48.963 | AK80: 49.358 | AL80: 51.374 | AM80: 51.687 | AN80: 51.771 | AO80: 52.01 | AP80: 51.454 | AQ80: 53.162 | AR80: 52.191 | AS80: 54.237 | AT80: 54.807 | AU80: =IF(D80="","",INDEX([1]DICCIONARIO!$G$21:$H$33,MATCH('DATA NIQ'!D80,[1]DICCIONARIO!$G$21:$G$33,0),2)) -> CHEETOS
A81: TOTAL ARGENTINA - ING | B81: GUARNICIONES PARA COPETIN | C81: PEPSICO | D81: CHEETOS | E81: CHEETOS | G81: Dist. Pond. Tiendas Handling | H81: =+A81&B81&C81&D81&E81&F81&G81 -> TOTAL ARGENTINA - INGGUARNICIONES PARA COPETINPEPSICOCHEETOSCHEETOSDist. Pond. Tiendas Handling | I81: 82.023 | J81: 82.639 | K81: 83.217 | L81: 83.806 | M81: 84.796 | N81: 84.944 | O81: 85.469 | P81: 86.696 | Q81: 86.041 | R81: 85.653 | S81: 85.828 | T81: 86.139 | U81: 85.888 | V81: 84.84 | W81: 84.224 | X81: 83.947 | Y81: 84.68 | Z81: 83.662 | AA81: 83.492 | AB81: 82.615 | AC81: 81.978 | AD81: 83.619 | AE81: 83.622 | AF81: 83.999 | AG81: 80.642 | AH81: 78.437 | AI81: 82.059 | AJ81: 81.855 | AK81: 81.526 | AL81: 82.039 | AM81: 83.047 | AN81: 84.686 | AO81: 84.7 | AP81: 84.082 | AQ81: 85.025 | AR81: 84.803 | AS81: 84.634 | AT81: 84.264 | AU81: =IF(D81="","",INDEX([1]DICCIONARIO!$G$21:$H$33,MATCH('DATA NIQ'!D81,[1]DICCIONARIO!$G$21:$G$33,0),2)) -> CHEETOS
A82: TOTAL ARGENTINA - ING | B82: GUARNICIONES PARA COPETIN | C82: PEPSICO | D82: CHEETOS | E82: CHEETOS | G82: Part. de Vtas (KILOS) - Product | H82: =+A82&B82&C82&D82&E82&F82&G82 -> TOTAL ARGENTINA - INGGUARNICIONES PARA COPETINPEPSICOCHEETOSCHEETOSPart. de Vtas (KILOS) - Product | I82: 4.637 | J82: 4.295 | K82: 4.452 | L82: 4.581 | M82: 4.694 | N82: 4.598 | O82: 4.689 | P82: 4.151 | Q82: 4.656 | R82: 4.678 | S82: 4.337 | T82: 4.393 | U82: 4.471 | V82: 4.46 | W82: 4.397 | X82: 4.14 | Y82: 4.205 | Z82: 3.947 | AA82: 3.513 | AB82: 2.796 | AC82: 3.256 | AD82: 3.533 | AE82: 3.594 | AF82: 3.861 | AG82: 3.626 | AH82: 3.415 | AI82: 3.379 | AJ82: 3.444 | AK82: 3.699 | AL82: 3.775 | AM82: 3.7 | AN82: 3.449 | AO82: 3.628 | AP82: 3.837 | AQ82: 3.819 | AR82: 3.813 | AS82: 3.702 | AT82: 3.672 | AU82: =IF(D82="","",INDEX([1]DICCIONARIO!$G$21:$H$33,MATCH('DATA NIQ'!D82,[1]DICCIONARIO!$G$21:$G$33,0),2)) -> CHEETOS
A83: TOTAL ARGENTINA - ING | B83: GUARNICIONES PARA COPETIN | C83: PEPSICO | D83: CHEETOS | E83: CHEETOS | G83: Part. de Vtas Valor - Product | H83: =+A83&B83&C83&D83&E83&F83&G83 -> TOTAL ARGENTINA - INGGUARNICIONES PARA COPETINPEPSICOCHEETOSCHEETOSPart. de Vtas Valor - Product | I83: 6.218 | J83: 5.927 | K83: 6.17 | L83: 6.243 | M83: 6.372 | N83: 6.321 | O83: 6.466 | P83: 6.096 | Q83: 6.75 | R83: 6.763 | S83: 6.256 | T83: 6.316 | U83: 6.471 | V83: 6.443 | W83: 6.313 | X83: 5.961 | Y83: 5.879 | Z83: 5.445 | AA83: 4.977 | AB83: 4.362 | AC83: 5.018 | AD83: 5.434 | AE83: 5.83 | AF83: 6.17 | AG83: 5.991 | AH83: 5.645 | AI83: 5.48 | AJ83: 5.54 | AK83: 5.799 | AL83: 5.896 | AM83: 5.727 | AN83: 5.507 | AO83: 5.7 | AP83: 5.765 | AQ83: 5.689 | AR83: 5.597 | AS83: 5.378 | AT83: 5.449 | AU83: =IF(D83="","",INDEX([1]DICCIONARIO!$G$21:$H$33,MATCH('DATA NIQ'!D83,[1]DICCIONARIO!$G$21:$G$33,0),2)) -> CHEETOS
A84: TOTAL ARGENTINA - ING | B84: GUARNICIONES PARA COPETIN | C84: PEPSICO | D84: CHEETOS | E84: CHEETOS | F84: 121 A 200 | G84: Vtas (KILOS) | H84: =+A84&B84&C84&D84&E84&F84&G84 -> TOTAL ARGENTINA - INGGUARNICIONES PARA COPETINPEPSICOCHEETOSCHEETOS121 A 200Vtas (KILOS) | I84: 45488.405 | J84: 46073.341 | K84: 48908.444 | L84: 53949.38 | M84: 53280.169 | N84: 50506.914 | O84: 50019.643 | P84: 55915.155 | Q84: 61429.547 | R84: 45611.111 | S84: 42099.256 | T84: 34570.368 | U84: 37197.735 | V84: 37210.506 | W84: 40627.946 | X84: 35485.055 | Y84: 37591.556 | Z84: 40222.745 | AA84: 35516.516 | AB84: 27235.492 | AC84: 30741.736 | AD84: 24768.366 | AE84: 20221.314 | AF84: 16795.091 | AG84: 14466.877 | AH84: 15421.98 | AI84: 21376.746 | AJ84: 18704.74 | AK84: 19897.964 | AL84: 21918.189 | AM84: 21143.434 | AN84: 28271.457 | AO84: 31124.248 | AP84: 24418.377 | AQ84: 26715.357 | AR84: 25967.696 | AS84: 25252.804 | AT84: 27351.426 | AU84: =IF(D84="","",INDEX([1]DICCIONARIO!$G$21:$H$33,MATCH(D84,[1]DICCIONARIO!$G$21:$G$33,0),2)) -> CHEETOS
A85: TOTAL ARGENTINA - ING | B85: GUARNICIONES PARA COPETIN | C85: PEPSICO | D85: CHEETOS | E85: CHEETOS | F85: 121 A 200 | G85: Compras (KILOS) | H85: =+A85&B85&C85&D85&E85&F85&G85 -> TOTAL ARGENTINA - INGGUARNICIONES PARA COPETINPEPSICOCHEETOSCHEETOS121 A 200Compras (KILOS) | I85: 38428.94 | J85: 43786.697 | K85: 43171.883 | L85: 42397.347 | M85: 42721.389 | N85: 43491.54 | O85: 42302.958 | P85: 52444.629 | Q85: 50738.443 | R85: 38994.232 | S85: 38092.894 | T85: 30682.83 | U85: 31825.49 | V85: 30193.101 | W85: 33206.022 | X85: 27533.21 | Y85: 28416.047 | Z85: 35437.58 | AA85: 32531.326 | AB85: 26799.982 | AC85: 27685.516 | AD85: 20298.791 | AE85: 18534.9 | AF85: 15750.518 | AG85: 12352.032 | AH85: 12858.808 | AI85: 18658.717 | AJ85: 16783.229 | AK85: 19382.383 | AL85: 19601.511 | AM85: 13175.062 | AN85: 18312.705 | AO85: 21726.787 | AP85: 16838.952 | AQ85: 17880.31 | AR85: 17097.213 | AS85: 16769.97 | AT85: 17081.86 | AU85: =IF(D85="","",INDEX([1]DICCIONARIO!$G$21:$H$33,MATCH(D85,[1]DICCIONARIO!$G$21:$G$33,0),2)) -> CHEETOS
A86: TOTAL ARGENTINA - ING | B86: GUARNICIONES PARA COPETIN | C86: PEPSICO | D86: CHEETOS | E86: CHEETOS | F86: 121 A 200 | G86: Inventario (KILOS) | H86: =+A86&B86&C86&D86&E86&F86&G86 -> TOTAL ARGENTINA - INGGUARNICIONES PARA COPETINPEPSICOCHEETOSCHEETOS121 A 200Inventario (KILOS) | I86: 13519.79 | J86: 16960.586 | K86: 15604.282 | L86: 15912.809 | M86: 16889.845 | N86: 18270.395 | O86: 15085.651 | P86: 20974.666 | Q86: 18774.229 | R86: 16057.638 | S86: 15309.876 | T86: 15393.213 | U86: 15477.21 | V86: 14288.63 | W86: 13696.865 | X86: 12673.418 | Y86: 11712.42 | Z86: 13644.638 | AA86: 12098.55 | AB86: 11481.993 | AC86: 11422.491 | AD86: 9955.186 | AE86: 9066.65 | AF86: 7829.256 | AG86: 6768.73 | AH86: 5848.263 | AI86: 8480.75 | AJ86: 7208.765 | AK86: 8950.8 | AL86: 10876.234 | AM86: 9757.693 | AN86: 10175.086 | AO86: 10457.978 | AP86: 9839.689 | AQ86: 10049.77 | AR86: 9865.716 | AS86: 9749.733 | AT86: 9137.685 | AU86: =IF(D86="","",INDEX([1]DICCIONARIO!$G$21:$H$33,MATCH(D86,[1]DICCIONARIO!$G$21:$G$33,0),2)) -> CHEETOS
A87: TOTAL ARGENTINA - ING | B87: GUARNICIONES PARA COPETIN | C87: PEPSICO | D87: CHEETOS | E87: CHEETOS | F87: 121 A 200 | G87: Vtas Valor | H87: =+A87&B87&C87&D87&E87&F87&G87 -> TOTAL ARGENTINA - INGGUARNICIONES PARA COPETINPEPSICOCHEETOSCHEETOS121 A 200Vtas Valor | I87: 97234682 | J87: 1.0213399e+08 | K87: 1.1897403e+08 | L87: 1.3612396e+08 | M87: 1.3960694e+08 | N87: 1.4336283e+08 | O87: 1.5415687e+08 | P87: 2.0142581e+08 | Q87: 2.3771703e+08 | R87: 1.9625178e+08 | S87: 1.9713793e+08 | T87: 1.6705022e+08 | U87: 1.8999657e+08 | V87: 1.9558193e+08 | W87: 2.2788123e+08 | X87: 2.2162636e+08 | Y87: 2.6981764e+08 | Z87: 3.0719721e+08 | AA87: 3.0056069e+08 | AB87: 3.0097454e+08 | AC87: 4.5946844e+08 | AD87: 4.4974512e+08 | AE87: 4.1465308e+08 | AF87: 3.7267971e+08 | AG87: 3.5398204e+08 | AH87: 3.9758735e+08 | AI87: 5.6677263e+08 | AJ87: 5.0927374e+08 | AK87: 5.580875e+08 | AL87: 6.2954891e+08 | AM87: 6.0439381e+08 | AN87: 7.9700511e+08 | AO87: 9.0899722e+08 | AP87: 7.151971e+08 | AQ87: 7.8145781e+08 | AR87: 7.6962365e+08 | AS87: 7.6718853e+08 | AT87: 8.0491836e+08 | AU87: =IF(D87="","",INDEX([1]DICCIONARIO!$G$21:$H$33,MATCH(D87,[1]DICCIONARIO!$G$21:$G$33,0),2)) -> CHEETOS
A88: TOTAL ARGENTINA - ING | B88: GUARNICIONES PARA COPETIN | C88: PEPSICO | D88: CHEETOS | E88: CHEETOS | F88: 121 A 200 | G88: Dist. Num. Tiendas Handling (C) | H88: =+A88&B88&C88&D88&E88&F88&G88 -> TOTAL ARGENTINA - INGGUARNICIONES PARA COPETINPEPSICOCHEETOSCHEETOS121 A 200Dist. Num. Tiendas Handling (C) | I88: 17.394 | J88: 16.899 | K88: 17.431 | L88: 17.772 | M88: 18.611 | N88: 18.154 | O88: 17.803 | P88: 18.337 | Q88: 17.034 | R88: 17.356 | S88: 15.966 | T88: 14.882 | U88: 14.616 | V88: 13.907 | W88: 13.9 | X88: 11.838 | Y88: 13.093 | Z88: 13.796 | AA88: 13.971 | AB88: 13.608 | AC88: 13.123 | AD88: 12.148 | AE88: 11.218 | AF88: 11.147 | AG88: 10.008 | AH88: 9.742 | AI88: 10.881 | AJ88: 10.358 | AK88: 11.542 | AL88: 11.605 | AM88: 11.46 | AN88: 12.412 | AO88: 13.08 | AP88: 12.854 | AQ88: 12.853 | AR88: 13.12 | AS88: 12.992 | AT88: 12.626 | AU88: =IF(D88="","",INDEX([1]DICCIONARIO!$G$21:$H$33,MATCH('DATA NIQ'!D88,[1]DICCIONARIO!$G$21:$G$33,0),2)) -> CHEETOS
A89: TOTAL ARGENTINA - ING | B89: GUARNICIONES PARA COPETIN | C89: PEPSICO | D89: CHEETOS | E89: CHEETOS | F89: 121 A 200 | G89: Dist. Pond. Tiendas Handling | H89: =+A89&B89&C89&D89&E89&F89&G89 -> TOTAL ARGENTINA - INGGUARNICIONES PARA COPETINPEPSICOCHEETOSCHEETOS121 A 200Dist. Pond. Tiendas Handling | I89: 56.117 | J89: 56.173 | K89: 57.331 | L89: 58.324 | M89: 58.15 | N89: 56.792 | O89: 55.108 | P89: 58.525 | Q89: 56.365 | R89: 56.584 | S89: 56.079 | T89: 53.073 | U89: 53.134 | V89: 51.505 | W89: 53.047 | X89: 48.22 | Y89: 51.734 | Z89: 52.999 | AA89: 46.362 | AB89: 42.014 | AC89: 46.521 | AD89: 47.775 | AE89: 48.267 | AF89: 47.324 | AG89: 39.511 | AH89: 38.785 | AI89: 44.313 | AJ89: 39.78 | AK89: 43.953 | AL89: 43.49 | AM89: 43.292 | AN89: 46.458 | AO89: 45.335 | AP89: 40.095 | AQ89: 48.9 | AR89: 47.787 | AS89: 46.512 | AT89: 44.992 | AU89: =IF(D89="","",INDEX([1]DICCIONARIO!$G$21:$H$33,MATCH('DATA NIQ'!D89,[1]DICCIONARIO!$G$21:$G$33,0),2)) -> CHEETOS
A90: TOTAL ARGENTINA - ING | B90: GUARNICIONES PARA COPETIN | C90: PEPSICO | D90: CHEETOS | E90: CHEETOS | F90: 121 A 200 | G90: Part. de Vtas (KILOS) - Product | H90: =+A90&B90&C90&D90&E90&F90&G90 -> TOTAL ARGENTINA - INGGUARNICIONES PARA COPETINPEPSICOCHEETOSCHEETOS121 A 200Part. de Vtas (KILOS) - Product | I90: 1.23 | J90: 1.216 | K90: 1.222 | L90: 1.351 | M90: 1.374 | N90: 1.209 | O90: 1.209 | P90: 1.102 | Q90: 1.239 | R90: 1.125 | S90: 1.015 | T90: 0.907 | U90: 0.992 | V90: 1.024 | W90: 1.051 | X90: 0.93 | Y90: 0.983 | Z90: 0.994 | AA90: 0.906 | AB90: 0.629 | AC90: 0.784 | AD90: 0.762 | AE90: 0.63 | AF90: 0.547 | AG90: 0.468 | AH90: 0.505 | AI90: 0.613 | AJ90: 0.577 | AK90: 0.624 | AL90: 0.63 | AM90: 0.62 | AN90: 0.674 | AO90: 0.742 | AP90: 0.67 | AQ90: 0.702 | AR90: 0.712 | AS90: 0.693 | AT90: 0.761 | AU90: =IF(D90="","",INDEX([1]DICCIONARIO!$G$21:$H$33,MATCH('DATA NIQ'!D90,[1]DICCIONARIO!$G$21:$G$33,0),2)) -> CHEETOS
A91: TOTAL ARGENTINA - ING | B91: GUARNICIONES PARA COPETIN | C91: PEPSICO | D91: CHEETOS | E91: CHEETOS | F91: 121 A 200 | G91: Part. de Vtas Valor - Product | H91: =+A91&B91&C91&D91&E91&F91&G91 -> TOTAL ARGENTINA - INGGUARNICIONES PARA COPETINPEPSICOCHEETOSCHEETOS121 A 200Part. de Vtas Valor - Product | I91: 1.418 | J91: 1.4 | K91: 1.462 | L91: 1.54 | M91: 1.537 | N91: 1.371 | O91: 1.367 | P91: 1.42 | Q91: 1.567 | R91: 1.43 | S91: 1.31 | T91: 1.123 | U91: 1.211 | V91: 1.223 | W91: 1.254 | X91: 1.097 | Y91: 1.149 | Z91: 1.104 | AA91: 1.019 | AB91: 0.827 | AC91: 1.071 | AD91: 1.027 | AE91: 0.886 | AF91: 0.788 | AG91: 0.692 | AH91: 0.763 | AI91: 0.922 | AJ91: 0.849 | AK91: 0.908 | AL91: 0.921 | AM91: 0.887 | AN91: 0.982 | AO91: 1.074 | AP91: 0.913 | AQ91: 0.937 | AR91: 0.941 | AS91: 0.918 | AT91: 0.977 | AU91: =IF(D91="","",INDEX([1]DICCIONARIO!$G$21:$H$33,MATCH('DATA NIQ'!D91,[1]DICCIONARIO!$G$21:$G$33,0),2)) -> CHEETOS
A92: TOTAL ARGENTINA - ING | B92: GUARNICIONES PARA COPETIN | C92: PEPSICO | D92: CHEETOS | E92: CHEETOS | F92: 201 A 400 | G92: Vtas (KILOS) | H92: =+A92&B92&C92&D92&E92&F92&G92 -> TOTAL ARGENTINA - INGGUARNICIONES PARA COPETINPEPSICOCHEETOSCHEETOS201 A 400Vtas (KILOS) | I92: 12758.786 | J92: 9424.26 | K92: 11222.049 | L92: 11355.963 | M92: 9850.04 | N92: 10808.084 | O92: 11729.391 | P92: 10705.844 | Q92: 10518.16 | R92: 9691.76 | S92: 7834.358 | T92: 6637.022 | U92: 6113.363 | V92: 9627.573 | W92: 11151.911 | X92: 10433.476 | Y92: 9779.711 | Z92: 11538.097 | AA92: 9698.897 | AB92: 8980.235 | AC92: 7884.099 | AD92: 8693.305 | AE92: 7429.369 | AF92: 6704.985 | AG92: 5187.303 | AH92: 3549.128 | AI92: 3976.698 | AJ92: 4423.623 | AK92: 4976.312 | AL92: 5617.971 | AM92: 8096.257 | AN92: 9697.594 | AO92: 9765.37 | AP92: 8247.77 | AQ92: 8693.781 | AR92: 7702.935 | AS92: 6186.54 | AT92: 7176.617 | AU92: =IF(D92="","",INDEX([1]DICCIONARIO!$G$21:$H$33,MATCH(D92,[1]DICCIONARIO!$G$21:$G$33,0),2)) -> CHEETOS
A93: TOTAL ARGENTINA - ING | B93: GUARNICIONES PARA COPETIN | C93: PEPSICO | D93: CHEETOS | E93: CHEETOS | F93: 201 A 400 | G93: Compras (KILOS) | H93: =+A93&B93&C93&D93&E93&F93&G93 -> TOTAL ARGENTINA - INGGUARNICIONES PARA COPETINPEPSICOCHEETOSCHEETOS201 A 400Compras (KILOS) | I93: 9999.189 | J93: 7005.359 | K93: 8506.514 | L93: 8693.79 | M93: 7089.037 | N93: 7558.295 | O93: 8208.263 | P93: 7168.346 | Q93: 7600.724 | R93: 6946.567 | S93: 6156.329 | T93: 5101.121 | U93: 4833.794 | V93: 7267.972 | W93: 9266.862 | X93: 6567.614 | Y93: 6744.396 | Z93: 7473.03 | AA93: 7224.055 | AB93: 7542.452 | AC93: 5563.967 | AD93: 4338.843 | AE93: 3749.121 | AF93: 3085.497 | AG93: 2790.767 | AH93: 3036.357 | AI93: 3454.618 | AJ93: 3904.951 | AK93: 4510.73 | AL93: 7661.43 | AM93: 2240.937 | AN93: 3608.107 | AO93: 4451.348 | AP93: 2211.803 | AQ93: 4393.063 | AR93: 2214.812 | AS93: 1946.406 | AT93: 2174.694 | AU93: =IF(D93="","",INDEX([1]DICCIONARIO!$G$21:$H$33,MATCH(D93,[1]DICCIONARIO!$G$21:$G$33,0),2)) -> CHEETOS
A94: TOTAL ARGENTINA - ING | B94: GUARNICIONES PARA COPETIN | C94: PEPSICO | D94: CHEETOS | E94: CHEETOS | F94: 201 A 400 | G94: Inventario (KILOS) | H94: =+A94&B94&C94&D94&E94&F94&G94 -> TOTAL ARGENTINA - INGGUARNICIONES PARA COPETINPEPSICOCHEETOSCHEETOS201 A 400Inventario (KILOS) | I94: 2440.247 | J94: 2038.921 | K94: 2354.106 | L94: 2545.537 | M94: 2071.31 | N94: 1860.757 | O94: 1799.024 | P94: 2071.328 | Q94: 2206.286 | R94: 1658.053 | S94: 1568.806 | T94: 1507.833 | U94: 1485.622 | V94: 1812.811 | W94: 3046.49 | X94: 2109.06 | Y94: 2140.309 | Z94: 2173.882 | AA94: 1918.601 | AB94: 2249.41 | AC94: 1471.658 | AD94: 1119.752 | AE94: 933.863 | AF94: 718.832 | AG94: 654.737 | AH94: 680.1 | AI94: 955.56 | AJ94: 1015.303 | AK94: 1020.775 | AL94: 3826.332 | AM94: 1442.711 | AN94: 804.595 | AO94: 1313.589 | AP94: 392.858 | AQ94: 1642.952 | AR94: 1080.749 | AS94: 1010.116 | AT94: 132.105 | AU94: =IF(D94="","",INDEX([1]DICCIONARIO!$G$21:$H$33,MATCH(D94,[1]DICCIONARIO!$G$21:$G$33,0),2)) -> CHEETOS
A95: TOTAL ARGENTINA - ING | B95: GUARNICIONES PARA COPETIN | C95: PEPSICO | D95: CHEETOS | E95: CHEETOS | F95: 201 A 400 | G95: Vtas Valor | H95: =+A95&B95&C95&D95&E95&F95&G95 -> TOTAL ARGENTINA - INGGUARNICIONES PARA COPETINPEPSICOCHEETOSCHEETOS201 A 400Vtas Valor | I95: 18584707 | J95: 15090223 | K95: 18302836 | L95: 20092835 | M95: 19889576 | N95: 22780896 | O95: 26488116 | P95: 26064841 | Q95: 27906470 | R95: 28228755 | S95: 23202184 | T95: 21073543 | U95: 19586794 | V95: 31995454 | W95: 37394147 | X95: 39124733 | Y95: 39012837 | Z95: 46438450 | AA95: 39963000 | AB95: 47648332 | AC95: 96229508 | AD95: 1.3388296e+08 | AE95: 1.3518926e+08 | AF95: 1.1150924e+08 | AG95: 94790356 | AH95: 69312575 | AI95: 88889576 | AJ95: 98886741 | AK95: 1.082798e+08 | AL95: 1.3014593e+08 | AM95: 1.9721424e+08 | AN95: 2.3878852e+08 | AO95: 2.4636943e+08 | AP95: 2.1191902e+08 | AQ95: 2.260947e+08 | AR95: 1.9682447e+08 | AS95: 1.4795969e+08 | AT95: 1.7102166e+08 | AU95: =IF(D95="","",INDEX([1]DICCIONARIO!$G$21:$H$33,MATCH(D95,[1]DICCIONARIO!$G$21:$G$33,0),2)) -> CHEETOS
A96: TOTAL ARGENTINA - ING | B96: GUARNICIONES PARA COPETIN | C96: PEPSICO | D96: CHEETOS | E96: CHEETOS | F96: 201 A 400 | G96: Dist. Num. Tiendas Handling (C) | H96: =+A96&B96&C96&D96&E96&F96&G96 -> TOTAL ARGENTINA - INGGUARNICIONES PARA COPETINPEPSICOCHEETOSCHEETOS201 A 400Dist. Num. Tiendas Handling (C) | I96: 1.261 | J96: 1.181 | K96: 1.279 | L96: 1.238 | M96: 0.896 | N96: 0.848 | O96: 0.844 | P96: 0.917 | Q96: 0.929 | R96: 1.06 | S96: 0.839 | T96: 1.021 | U96: 0.782 | V96: 0.815 | W96: 0.96 | X96: 1.091 | Y96: 0.98 | Z96: 0.941 | AA96: 0.995 | AB96: 1.035 | AC96: 1.476 | AD96: 1.186 | AE96: 1.07 | AF96: 0.971 | AG96: 0.783 | AH96: 0.477 | AI96: 0.595 | AJ96: 0.778 | AK96: 0.763 | AL96: 1.121 | AM96: 1.095 | AN96: 1.169 | AO96: 1.076 | AP96: 1.089 | AQ96: 1.118 | AR96: 0.946 | AS96: 0.998 | AT96: 0.925 | AU96: =IF(D96="","",INDEX([1]DICCIONARIO!$G$21:$H$33,MATCH('DATA NIQ'!D96,[1]DICCIONARIO!$G$21:$G$33,0),2)) -> CHEETOS
A97: TOTAL ARGENTINA - ING | B97: GUARNICIONES PARA COPETIN | C97: PEPSICO | D97: CHEETOS | E97: CHEETOS | F97: 201 A 400 | G97: Dist. Pond. Tiendas Handling | H97: =+A97&B97&C97&D97&E97&F97&G97 -> TOTAL ARGENTINA - INGGUARNICIONES PARA COPETINPEPSICOCHEETOSCHEETOS201 A 400Dist. Pond. Tiendas Handling | I97: 19.666 | J97: 19.608 | K97: 19.297 | L97: 19.226 | M97: 18.583 | N97: 18.151 | O97: 17.253 | P97: 19.686 | Q97: 18.78 | R97: 18.611 | S97: 18.357 | T97: 17.451 | U97: 16.299 | V97: 19.003 | W97: 19.455 | X97: 19.017 | Y97: 17.762 | Z97: 18.489 | AA97: 15.922 | AB97: 14.766 | AC97: 24.345 | AD97: 26.108 | AE97: 26.201 | AF97: 24.655 | AG97: 19.576 | AH97: 15.061 | AI97: 16.713 | AJ97: 15.699 | AK97: 15.514 | AL97: 17.986 | AM97: 18.594 | AN97: 20.731 | AO97: 19.301 | AP97: 18.689 | AQ97: 19.565 | AR97: 18.439 | AS97: 16.595 | AT97: 16.754 | AU97: =IF(D97="","",INDEX([1]DICCIONARIO!$G$21:$H$33,MATCH('DATA NIQ'!D97,[1]DICCIONARIO!$G$21:$G$33,0),2)) -> CHEETOS
A98: TOTAL ARGENTINA - ING | B98: GUARNICIONES PARA COPETIN | C98: PEPSICO | D98: CHEETOS | E98: CHEETOS | F98: 201 A 400 | G98: Part. de Vtas (KILOS) - Product | H98: =+A98&B98&C98&D98&E98&F98&G98 -> TOTAL ARGENTINA - INGGUARNICIONES PARA COPETINPEPSICOCHEETOSCHEETOS201 A 400Part. de Vtas (KILOS) - Product | I98: 0.345 | J98: 0.249 | K98: 0.281 | L98: 0.284 | M98: 0.254 | N98: 0.259 | O98: 0.284 | P98: 0.211 | Q98: 0.212 | R98: 0.239 | S98: 0.189 | T98: 0.174 | U98: 0.163 | V98: 0.265 | W98: 0.289 | X98: 0.274 | Y98: 0.256 | Z98: 0.285 | AA98: 0.248 | AB98: 0.208 | AC98: 0.201 | AD98: 0.267 | AE98: 0.232 | AF98: 0.218 | AG98: 0.168 | AH98: 0.116 | AI98: 0.114 | AJ98: 0.136 | AK98: 0.156 | AL98: 0.161 | AM98: 0.237 | AN98: 0.231 | AO98: 0.233 | AP98: 0.226 | AQ98: 0.229 | AR98: 0.211 | AS98: 0.17 | AT98: 0.2 | AU98: =IF(D98="","",INDEX([1]DICCIONARIO!$G$21:$H$33,MATCH('DATA NIQ'!D98,[1]DICCIONARIO!$G$21:$G$33,0),2)) -> CHEETOS
A99: TOTAL ARGENTINA - ING | B99: GUARNICIONES PARA COPETIN | C99: PEPSICO | D99: CHEETOS | E99: CHEETOS | F99: 201 A 400 | G99: Part. de Vtas Valor - Product | H99: =+A99&B99&C99&D99&E99&F99&G99 -> TOTAL ARGENTINA - INGGUARNICIONES PARA COPETINPEPSICOCHEETOSCHEETOS201 A 400Part. de Vtas Valor - Product | I99: 0.271 | J99: 0.207 | K99: 0.225 | L99: 0.227 | M99: 0.219 | N99: 0.218 | O99: 0.235 | P99: 0.184 | Q99: 0.184 | R99: 0.206 | S99: 0.154 | T99: 0.142 | U99: 0.125 | V99: 0.2 | W99: 0.206 | X99: 0.194 | Y99: 0.166 | Z99: 0.167 | AA99: 0.136 | AB99: 0.131 | AC99: 0.224 | AD99: 0.306 | AE99: 0.289 | AF99: 0.236 | AG99: 0.185 | AH99: 0.133 | AI99: 0.145 | AJ99: 0.165 | AK99: 0.176 | AL99: 0.19 | AM99: 0.29 | AN99: 0.294 | AO99: 0.291 | AP99: 0.271 | AQ99: 0.271 | AR99: 0.241 | AS99: 0.177 | AT99: 0.208 | AU99: =IF(D99="","",INDEX([1]DICCIONARIO!$G$21:$H$33,MATCH('DATA NIQ'!D99,[1]DICCIONARIO!$G$21:$G$33,0),2)) -> CHEETOS
A100: TOTAL ARGENTINA - ING | B100: GUARNICIONES PARA COPETIN | C100: PEPSICO | D100: CHEETOS | E100: CHEETOS | F100: 21 A 40 | G100: Vtas (KILOS) | H100: =+A100&B100&C100&D100&E100&F100&G100 -> TOTAL ARGENTINA - INGGUARNICIONES PARA COPETINPEPSICOCHEETOSCHEETOS21 A 40Vtas (KILOS) | I100: 1671.911 | J100: 1397.121 | K100: 1516.366 | L100: 1669.341 | M100: 2729.326 | N100: 2594.805 | O100: 2421.68 | P100: 2423.128 | Q100: 2605.775 | R100: 2484.33 | S100: 2294.861 | T100: 2889.222 | U100: 3000.873 | V100: 2356.694 | W100: 2219.637 | X100: 2043.59 | Y100: 2180.852 | Z100: 953.882 | AA100: 1416.52 | AB100: 2004.015 | AC100: 1896.47 | AD100: 1896.203 | AE100: 2187.654 | AF100: 1730.696 | AG100: 2195.896 | AH100: 3038.831 | AI100: 2273.374 | AJ100: 2295.675 | AK100: 2243.197 | AL100: 3297.025 | AM100: 3166.09 | AN100: 2803.118 | AO100: 2552.107 | AP100: 2068.332 | AQ100: 2845.885 | AR100: 2581.235 | AS100: 2612.188 | AT100: 2481.494 | AU100: =IF(D100="","",INDEX([1]DICCIONARIO!$G$21:$H$33,MATCH(D100,[1]DICCIONARIO!$G$21:$G$33,0),2)) -> CHEETOS
...
